audio_path,duration,voiced_ratio,voiced_frames,f0_range,rms,keep,reason
data/self/1-1-1/speaker01_ma1_01.wav,1.363625,0.255814,11,4.000000,0.057945,0,low_voiced_ratio
data/self/1-1-1/speaker01_ba1_01.wav,1.363625,0.279070,12,4.000000,0.074475,0,low_voiced_ratio
data/self/1-1-1/speaker01_hua1_01.wav,1.363625,0.255814,11,4.000000,0.071738,0,low_voiced_ratio
data/self/1-1-1/speaker01_shu1_01.wav,1.363625,0.232558,10,4.000000,0.061359,0,low_voiced_ratio
data/self/1-1-1/speaker01_tian1_01.wav,1.363625,0.279070,12,4.000000,0.072495,0,low_voiced_ratio
data/self/1-1-1/speaker01_jia1_01.wav,1.363625,0.279070,12,4.000000,0.084749,0,low_voiced_ratio
data/self/1-1-1/speaker01_shan1_01.wav,1.363625,0.255814,11,4.000000,0.060617,0,low_voiced_ratio
data/self/1-1-1/speaker01_che1_01.wav,1.363625,0.232558,10,4.000000,0.065517,0,low_voiced_ratio
data/self/1-1-1/speaker01_fei1_01.wav,1.363625,0.302326,13,4.000000,0.068053,0,low_voiced_ratio
data/self/1-1-1/speaker01_mao1_01.wav,1.363563,0.325581,14,4.000000,0.098824,0,low_voiced_ratio
data/self/1-1-1/speaker01_ji1_01.wav,1.363563,0.255814,11,4.000000,0.081563,0,low_voiced_ratio
data/self/1-1-1/speaker01_deng1_01.wav,1.363563,0.255814,11,4.000000,0.061803,0,low_voiced_ratio
data/self/1-1-1/speaker01_feng1_01.wav,1.363563,0.255814,11,4.000000,0.054291,0,low_voiced_ratio
data/self/1-1-1/speaker01_xing1_01.wav,1.363563,0.232558,10,4.000000,0.057486,0,low_voiced_ratio
data/self/1-1-1/speaker01_yi1_01.wav,1.363563,0.302326,13,4.000000,0.103012,0,low_voiced_ratio
data/self/1-1-1/speaker01_jiang1_01.wav,1.363563,0.255814,11,4.000000,0.083893,0,low_voiced_ratio
data/self/1-1-1/speaker01_xin1_01.wav,1.363563,0.255814,11,4.000000,0.059572,0,low_voiced_ratio
data/self/1-1-1/speaker01_qing1_01.wav,1.363563,0.255814,11,4.000000,0.066214,0,low_voiced_ratio
data/self/1-1-1/speaker01_gao1_01.wav,1.363563,0.302326,13,4.000000,0.128361,0,low_voiced_ratio
data/self/1-1-1/speaker01_kai1_01.wav,1.363563,0.232558,10,4.000000,0.061518,0,low_voiced_ratio
data/self/1-1-1/speaker01_chi1_01.wav,1.363563,0.209302,9,4.000000,0.070682,0,low_voiced_ratio
data/self/1-1-1/speaker01_he1_01.wav,1.363563,0.186047,8,4.000000,0.052813,0,low_voiced_ratio
data/self/1-1-1/speaker01_ge1_01.wav,1.363563,0.255814,11,4.000000,0.070301,0,low_voiced_ratio
data/self/1-1-1/speaker01_ku1_01.wav,1.363563,0.209302,9,4.000000,0.076270,0,low_voiced_ratio
data/self/1-1-1/speaker01_di1_01.wav,1.363563,0.279070,12,4.000000,0.094416,0,low_voiced_ratio
data/self/1-1-1/speaker01_dong1_01.wav,1.363563,0.255814,11,4.000000,0.065205,0,low_voiced_ratio
data/self/1-1-1/speaker01_xi1_01.wav,1.363563,0.209302,9,4.000000,0.076512,0,low_voiced_ratio
data/self/1-1-1/speaker01_sheng1_01.wav,1.363563,0.209302,9,4.000000,0.052066,0,low_voiced_ratio
data/self/1-1-1/speaker01_guang1_01.wav,1.363563,0.255814,11,4.000000,0.093747,0,low_voiced_ratio
data/self/1-1-1/speaker01_kong1_01.wav,1.363563,0.232558,10,4.000000,0.060922,0,low_voiced_ratio
data/self/1-1-2/speaker01_ma1_02.wav,1.363625,0.255814,11,4.000000,0.057945,0,low_voiced_ratio
data/self/1-1-2/speaker01_ba1_02.wav,1.363625,0.279070,12,4.000000,0.074475,0,low_voiced_ratio
data/self/1-1-2/speaker01_hua1_02.wav,1.363625,0.255814,11,4.000000,0.071738,0,low_voiced_ratio
data/self/1-1-2/speaker01_shu1_02.wav,1.363625,0.232558,10,4.000000,0.061359,0,low_voiced_ratio
data/self/1-1-2/speaker01_tian1_02.wav,1.363625,0.279070,12,4.000000,0.072495,0,low_voiced_ratio
data/self/1-1-2/speaker01_jia1_02.wav,1.363625,0.279070,12,4.000000,0.084749,0,low_voiced_ratio
data/self/1-1-2/speaker01_shan1_02.wav,1.363625,0.255814,11,4.000000,0.060617,0,low_voiced_ratio
data/self/1-1-2/speaker01_che1_02.wav,1.363625,0.232558,10,4.000000,0.065517,0,low_voiced_ratio
data/self/1-1-2/speaker01_fei1_02.wav,1.363625,0.302326,13,4.000000,0.068053,0,low_voiced_ratio
data/self/1-1-2/speaker01_mao1_02.wav,1.363563,0.325581,14,4.000000,0.098824,0,low_voiced_ratio
data/self/1-1-2/speaker01_ji1_02.wav,1.363563,0.255814,11,4.000000,0.081563,0,low_voiced_ratio
data/self/1-1-2/speaker01_deng1_02.wav,1.363563,0.255814,11,4.000000,0.061803,0,low_voiced_ratio
data/self/1-1-2/speaker01_feng1_02.wav,1.363563,0.255814,11,4.000000,0.054291,0,low_voiced_ratio
data/self/1-1-2/speaker01_xing1_02.wav,1.363563,0.232558,10,4.000000,0.057486,0,low_voiced_ratio
data/self/1-1-2/speaker01_yi1_02.wav,1.363563,0.302326,13,4.000000,0.103012,0,low_voiced_ratio
data/self/1-1-2/speaker01_jiang1_02.wav,1.363563,0.255814,11,4.000000,0.083893,0,low_voiced_ratio
data/self/1-1-2/speaker01_xin1_02.wav,1.363563,0.255814,11,4.000000,0.059572,0,low_voiced_ratio
data/self/1-1-2/speaker01_qing1_02.wav,1.363563,0.255814,11,4.000000,0.066214,0,low_voiced_ratio
data/self/1-1-2/speaker01_gao1_02.wav,1.363563,0.302326,13,4.000000,0.128361,0,low_voiced_ratio
data/self/1-1-2/speaker01_kai1_02.wav,1.363563,0.232558,10,4.000000,0.061518,0,low_voiced_ratio
data/self/1-1-2/speaker01_chi1_02.wav,1.363563,0.209302,9,4.000000,0.070682,0,low_voiced_ratio
data/self/1-1-2/speaker01_he1_02.wav,1.363563,0.186047,8,4.000000,0.052813,0,low_voiced_ratio
data/self/1-1-2/speaker01_ge1_02.wav,1.363563,0.255814,11,4.000000,0.070301,0,low_voiced_ratio
data/self/1-1-2/speaker01_ku1_02.wav,1.363563,0.209302,9,4.000000,0.076270,0,low_voiced_ratio
data/self/1-1-2/speaker01_di1_02.wav,1.363563,0.279070,12,4.000000,0.094416,0,low_voiced_ratio
data/self/1-1-2/speaker01_dong1_02.wav,1.363563,0.255814,11,4.000000,0.065205,0,low_voiced_ratio
data/self/1-1-2/speaker01_xi1_02.wav,1.363563,0.209302,9,4.000000,0.076512,0,low_voiced_ratio
data/self/1-1-2/speaker01_sheng1_02.wav,1.363563,0.209302,9,4.000000,0.052066,0,low_voiced_ratio
data/self/1-1-2/speaker01_guang1_02.wav,1.363563,0.255814,11,4.000000,0.093747,0,low_voiced_ratio
data/self/1-1-2/speaker01_kong1_02.wav,1.363563,0.232558,10,4.000000,0.060922,0,low_voiced_ratio
data/self/1-1-3/speaker01_ma1_03.wav,2.741500,0.500000,43,4.000000,0.043870,0,duration_too_long
data/self/1-1-3/speaker01_ba1_03.wav,2.741500,0.139535,12,4.000000,0.057107,0,duration_too_long
data/self/1-1-3/speaker01_hua1_03.wav,2.741500,0.453488,39,4.000000,0.056253,0,duration_too_long
data/self/1-1-3/speaker01_shu1_03.wav,2.741500,0.127907,11,4.000000,0.046895,0,duration_too_long
data/self/1-1-3/speaker01_tian1_03.wav,2.741500,0.162791,14,4.000000,0.055739,0,duration_too_long
data/self/1-1-3/speaker01_jia1_03.wav,2.741500,0.162791,14,4.000000,0.064814,0,duration_too_long
data/self/1-1-3/speaker01_shan1_03.wav,2.741500,0.151163,13,4.000000,0.046073,0,duration_too_long
data/self/1-1-3/speaker01_che1_03.wav,2.741500,0.348837,30,4.000000,0.050124,0,duration_too_long
data/self/1-1-3/speaker01_fei1_03.wav,2.741500,0.534884,46,4.000000,0.051991,0,duration_too_long
data/self/1-1-3/speaker01_mao1_03.wav,2.741500,0.186047,16,4.000000,0.074395,0,duration_too_long
data/self/1-1-3/speaker01_ji1_03.wav,2.741500,0.151163,13,4.000000,0.061477,0,duration_too_long
data/self/1-1-3/speaker01_deng1_03.wav,2.741500,0.151163,13,4.000000,0.046197,0,duration_too_long
data/self/1-1-3/speaker01_feng1_03.wav,2.741500,0.139535,12,4.000000,0.041404,0,duration_too_long
data/self/1-1-3/speaker01_xing1_03.wav,2.741500,0.127907,11,4.000000,0.043739,0,duration_too_long
data/self/1-1-3/speaker01_yi1_03.wav,2.741437,0.162791,14,4.000000,0.077588,0,duration_too_long
data/self/1-1-3/speaker01_jiang1_03.wav,2.741437,0.151163,13,4.000000,0.063232,0,duration_too_long
data/self/1-1-3/speaker01_xin1_03.wav,2.741437,0.139535,12,4.000000,0.045460,0,duration_too_long
data/self/1-1-3/speaker01_qing1_03.wav,2.741437,0.325581,28,4.000000,0.050250,0,duration_too_long
data/self/1-1-3/speaker01_gao1_03.wav,2.741437,0.500000,43,4.000000,0.097783,0,duration_too_long
data/self/1-1-3/speaker01_kai1_03.wav,2.741437,0.116279,10,4.000000,0.047019,0,duration_too_long
data/self/1-1-3/speaker01_chi1_03.wav,2.741437,0.104651,9,4.000000,0.054015,0,duration_too_long
data/self/1-1-3/speaker01_he1_03.wav,2.741437,0.267442,23,4.000000,0.039545,0,duration_too_long
data/self/1-1-3/speaker01_ge1_03.wav,2.741437,0.151163,13,4.000000,0.052811,0,duration_too_long
data/self/1-1-3/speaker01_ku1_03.wav,2.741437,0.139535,12,4.000000,0.056680,0,duration_too_long
data/self/1-1-3/speaker01_di1_03.wav,2.741437,0.162791,14,4.000000,0.071271,0,duration_too_long
data/self/1-1-3/speaker01_dong1_03.wav,2.741437,0.151163,13,4.000000,0.048049,0,duration_too_long
data/self/1-1-3/speaker01_xi1_03.wav,2.741437,0.127907,11,4.000000,0.058698,0,duration_too_long
data/self/1-1-3/speaker01_sheng1_03.wav,2.741437,0.453488,39,4.000000,0.039544,0,duration_too_long
data/self/1-1-3/speaker01_guang1_03.wav,2.741437,0.372093,32,4.000000,0.070262,0,duration_too_long
data/self/1-1-3/speaker01_kong1_03.wav,2.741437,0.511628,44,4.000000,0.046316,0,duration_too_long
data/self/1-2-1/speaker01_ma2_01.wav,1.653563,0.288462,15,4.000000,0.051467,0,low_voiced_ratio
data/self/1-2-1/speaker01_cha2_01.wav,1.653563,0.000000,0,0.000000,0.054317,0,low_voiced_ratio
data/self/1-2-1/speaker01_yu2_01.wav,1.653563,0.269231,14,4.000000,0.058726,0,low_voiced_ratio
data/self/1-2-1/speaker01_niu2_01.wav,1.653563,0.346154,18,4.000000,0.060179,0,low_voiced_ratio
data/self/1-2-1/speaker01_ren2_01.wav,1.653563,0.288462,15,4.000000,0.044768,0,low_voiced_ratio
data/self/1-2-1/speaker01_men2_01.wav,1.653563,0.288462,15,4.000000,0.041996,0,low_voiced_ratio
data/self/1-2-1/speaker01_tian2_01.wav,1.653500,0.269231,14,4.000000,0.045467,0,low_voiced_ratio
data/self/1-2-1/speaker01_he2_01.wav,1.653500,0.250000,13,4.000000,0.060429,0,low_voiced_ratio
data/self/1-2-1/speaker01_yun2_01.wav,1.653500,0.288462,15,4.000000,0.048422,0,low_voiced_ratio
data/self/1-2-1/speaker01_chuan2_01.wav,1.653500,0.269231,14,4.000000,0.042502,0,low_voiced_ratio
data/self/1-2-1/speaker01_yang2_01.wav,1.653500,0.326923,17,4.000000,0.048373,0,low_voiced_ratio
data/self/1-2-1/speaker01_chong2_01.wav,1.653500,0.269231,14,4.000000,0.038988,0,low_voiced_ratio
data/self/1-2-1/speaker01_ya2_01.wav,1.653500,0.173077,9,4.000000,0.060117,0,low_voiced_ratio
data/self/1-2-1/speaker01_qiu2_01.wav,1.653500,0.269231,14,4.000000,0.060797,0,low_voiced_ratio
data/self/1-2-1/speaker01_hong2_01.wav,1.653500,0.269231,14,4.000000,0.040328,0,low_voiced_ratio
data/self/1-2-1/speaker01_bai2_01.wav,1.653500,0.269231,14,4.000000,0.045929,0,low_voiced_ratio
data/self/1-2-1/speaker01_lai2_01.wav,1.653500,0.307692,16,4.000000,0.042578,0,low_voiced_ratio
data/self/1-2-1/speaker01_hui2_01.wav,1.653500,0.269231,14,4.000000,0.047675,0,low_voiced_ratio
data/self/1-2-1/speaker01_xue2_01.wav,1.653500,0.230769,12,4.000000,0.063199,0,low_voiced_ratio
data/self/1-2-1/speaker01_ming2_01.wav,1.653500,0.307692,16,4.000000,0.042051,0,low_voiced_ratio
data/self/1-2-1/speaker01_lin2_01.wav,1.653500,0.326923,17,4.000000,0.047931,0,low_voiced_ratio
data/self/1-2-1/speaker01_long2_01.wav,1.653500,0.288462,15,4.000000,0.041899,0,low_voiced_ratio
data/self/1-2-1/speaker01_shi2_01.wav,1.653500,0.230769,12,4.000000,0.066379,0,low_voiced_ratio
data/self/1-2-1/speaker01_bi2_01.wav,1.653500,0.269231,14,4.000000,0.050777,0,low_voiced_ratio
data/self/1-2-1/speaker01_pi2_01.wav,1.653500,0.230769,12,4.000000,0.049361,0,low_voiced_ratio
data/self/1-2-1/speaker01_tou2_01.wav,1.653500,0.250000,13,4.000000,0.057234,0,low_voiced_ratio
data/self/1-2-1/speaker01_you2_01.wav,1.653500,0.346154,18,4.000000,0.068218,0,low_voiced_ratio
data/self/1-2-1/speaker01_zhu2_01.wav,1.653500,0.269231,14,4.000000,0.052298,0,low_voiced_ratio
data/self/1-2-1/speaker01_lan2_01.wav,1.653500,0.288462,15,4.000000,0.040402,0,low_voiced_ratio
data/self/1-2-1/speaker01_qian2_01.wav,1.653500,0.269231,14,4.000000,0.044364,0,low_voiced_ratio
data/self/1-2-2/speaker01_ma2_02.wav,2.372187,0.000000,0,0.000000,0.040643,0,duration_too_long
data/self/1-2-2/speaker01_cha2_02.wav,2.372187,0.000000,0,0.000000,0.043961,0,duration_too_long
data/self/1-2-2/speaker01_yu2_02.wav,2.372187,0.160000,12,4.000000,0.043523,0,duration_too_long
data/self/1-2-2/speaker01_niu2_02.wav,2.372187,0.186667,14,4.000000,0.045852,0,duration_too_long
data/self/1-2-2/speaker01_ren2_02.wav,2.372187,0.173333,13,4.000000,0.035022,0,duration_too_long
data/self/1-2-2/speaker01_men2_02.wav,2.372187,0.186667,14,4.000000,0.032778,0,duration_too_long
data/self/1-2-2/speaker01_tian2_02.wav,2.372187,0.173333,13,4.000000,0.035136,0,duration_too_long
data/self/1-2-2/speaker01_he2_02.wav,2.372187,0.133333,10,4.000000,0.045382,0,duration_too_long
data/self/1-2-2/speaker01_yun2_02.wav,2.372187,0.186667,14,4.000000,0.038017,0,duration_too_long
data/self/1-2-2/speaker01_chuan2_02.wav,2.372187,0.160000,12,4.000000,0.033302,0,duration_too_long
data/self/1-2-2/speaker01_yang2_02.wav,2.372187,0.213333,16,4.000000,0.038229,0,duration_too_long
data/self/1-2-2/speaker01_chong2_02.wav,2.372187,0.173333,13,4.000000,0.031199,0,duration_too_long
data/self/1-2-2/speaker01_ya2_02.wav,2.372187,0.000000,0,0.000000,0.046230,0,duration_too_long
data/self/1-2-2/speaker01_qiu2_02.wav,2.372187,0.173333,13,4.000000,0.048589,0,duration_too_long
data/self/1-2-2/speaker01_hong2_02.wav,2.372187,0.160000,12,4.000000,0.031777,0,duration_too_long
data/self/1-2-2/speaker01_bai2_02.wav,2.372187,0.000000,0,0.000000,0.037168,0,duration_too_long
data/self/1-2-2/speaker01_lai2_02.wav,2.372187,0.213333,16,4.000000,0.033875,0,duration_too_long
data/self/1-2-2/speaker01_hui2_02.wav,2.372125,0.186667,14,4.000000,0.037289,0,duration_too_long
data/self/1-2-2/speaker01_xue2_02.wav,2.372125,0.106667,8,4.000000,0.049249,0,duration_too_long
data/self/1-2-2/speaker01_ming2_02.wav,2.372125,0.213333,16,4.000000,0.033607,0,duration_too_long
data/self/1-2-2/speaker01_lin2_02.wav,2.372125,0.186667,14,4.000000,0.037407,0,duration_too_long
data/self/1-2-2/speaker01_long2_02.wav,2.372125,0.200000,15,4.000000,0.032611,0,duration_too_long
data/self/1-2-2/speaker01_shi2_02.wav,2.372125,0.000000,0,0.000000,0.049827,0,duration_too_long
data/self/1-2-2/speaker01_bi2_02.wav,2.372125,0.160000,12,4.000000,0.039817,0,duration_too_long
data/self/1-2-2/speaker01_pi2_02.wav,2.372125,0.160000,12,4.000000,0.038217,0,duration_too_long
data/self/1-2-2/speaker01_tou2_02.wav,2.372125,0.160000,12,4.000000,0.044882,0,duration_too_long
data/self/1-2-2/speaker01_you2_02.wav,2.372125,0.200000,15,4.000000,0.052757,0,duration_too_long
data/self/1-2-2/speaker01_zhu2_02.wav,2.372125,0.186667,14,4.000000,0.040790,0,duration_too_long
data/self/1-2-2/speaker01_lan2_02.wav,2.372125,0.186667,14,4.000000,0.031629,0,duration_too_long
data/self/1-2-2/speaker01_qian2_02.wav,2.372125,0.160000,12,4.000000,0.036076,0,duration_too_long
data/self/1-2-3/speaker01_ma2_03.wav,1.653563,0.134615,7,4.000000,0.051798,0,low_voiced_ratio
data/self/1-2-3/speaker01_cha2_03.wav,1.653563,0.000000,0,0.000000,0.055967,0,low_voiced_ratio
data/self/1-2-3/speaker01_yu2_03.wav,1.653563,0.250000,13,4.000000,0.056224,0,low_voiced_ratio
data/self/1-2-3/speaker01_niu2_03.wav,1.653563,0.288462,15,4.000000,0.058962,0,low_voiced_ratio
data/self/1-2-3/speaker01_ren2_03.wav,1.653563,0.461538,24,4.000000,0.044487,1,ok
data/self/1-2-3/speaker01_men2_03.wav,1.653563,0.307692,16,4.000000,0.041922,0,low_voiced_ratio
data/self/1-2-3/speaker01_tian2_03.wav,1.653500,0.269231,14,4.000000,0.045907,0,low_voiced_ratio
data/self/1-2-3/speaker01_he2_03.wav,1.653500,0.230769,12,4.000000,0.059128,0,low_voiced_ratio
data/self/1-2-3/speaker01_yun2_03.wav,1.653500,0.557692,29,4.000000,0.048694,1,ok
data/self/1-2-3/speaker01_chuan2_03.wav,1.653500,0.288462,15,4.000000,0.043237,0,low_voiced_ratio
data/self/1-2-3/speaker01_yang2_03.wav,1.653500,0.326923,17,4.000000,0.049218,0,low_voiced_ratio
data/self/1-2-3/speaker01_chong2_03.wav,1.653500,0.269231,14,4.000000,0.039500,0,low_voiced_ratio
data/self/1-2-3/speaker01_ya2_03.wav,1.653500,0.442308,23,4.000000,0.059368,1,ok
data/self/1-2-3/speaker01_qiu2_03.wav,1.653500,0.269231,14,4.000000,0.062027,0,low_voiced_ratio
data/self/1-2-3/speaker01_hong2_03.wav,1.653500,0.269231,14,4.000000,0.040206,0,low_voiced_ratio
data/self/1-2-3/speaker01_bai2_03.wav,1.653500,0.000000,0,0.000000,0.046871,0,low_voiced_ratio
data/self/1-2-3/speaker01_lai2_03.wav,1.653500,0.307692,16,4.000000,0.043338,0,low_voiced_ratio
data/self/1-2-3/speaker01_hui2_03.wav,1.653500,0.596154,31,4.000000,0.047912,1,ok
data/self/1-2-3/speaker01_xue2_03.wav,1.653500,0.134615,7,4.000000,0.063362,0,low_voiced_ratio
data/self/1-2-3/speaker01_ming2_03.wav,1.653500,0.326923,17,4.000000,0.042833,0,low_voiced_ratio
data/self/1-2-3/speaker01_lin2_03.wav,1.653500,0.711538,37,4.000000,0.047894,1,ok
data/self/1-2-3/speaker01_long2_03.wav,1.653500,0.288462,15,4.000000,0.042255,0,low_voiced_ratio
data/self/1-2-3/speaker01_shi2_03.wav,1.653500,0.211538,11,4.000000,0.064593,0,low_voiced_ratio
data/self/1-2-3/speaker01_bi2_03.wav,1.653500,0.269231,14,4.000000,0.051704,0,low_voiced_ratio
data/self/1-2-3/speaker01_pi2_03.wav,1.653500,0.576923,30,4.000000,0.049859,1,ok
data/self/1-2-3/speaker01_tou2_03.wav,1.653500,0.230769,12,4.000000,0.057082,0,low_voiced_ratio
data/self/1-2-3/speaker01_you2_03.wav,1.653500,0.615385,32,4.000000,0.068531,1,ok
data/self/1-2-3/speaker01_zhu2_03.wav,1.653500,0.307692,16,4.000000,0.052611,0,low_voiced_ratio
data/self/1-2-3/speaker01_lan2_03.wav,1.653500,0.769231,40,4.000000,0.040556,1,ok
data/self/1-2-3/speaker01_qian2_03.wav,1.653500,0.250000,13,4.000000,0.045880,0,low_voiced_ratio
data/self/1-3-1/speaker01_ma3_01.wav,1.761562,0.785714,44,4.000000,0.045195,1,ok
data/self/1-3-1/speaker01_mi3_01.wav,1.761562,0.267857,15,4.000000,0.038532,0,low_voiced_ratio
data/self/1-3-1/speaker01_shou3_01.wav,1.761562,0.392857,22,4.000000,0.053650,1,ok
data/self/1-3-1/speaker01_kou3_01.wav,1.761562,0.392857,22,4.000000,0.054826,1,ok
data/self/1-3-1/speaker01_shui3_01.wav,1.761562,0.232143,13,4.000000,0.046053,0,low_voiced_ratio
data/self/1-3-1/speaker01_huo3_01.wav,1.761562,0.446429,25,4.000000,0.064444,1,ok
data/self/1-3-1/speaker01_gou3_01.wav,1.761500,0.500000,28,4.000000,0.058291,1,ok
data/self/1-3-1/speaker01_niao3_01.wav,1.761500,0.303571,17,4.000000,0.055858,0,low_voiced_ratio
data/self/1-3-1/speaker01_yu3_01.wav,1.761500,0.250000,14,4.000000,0.045482,0,low_voiced_ratio
data/self/1-3-1/speaker01_cao3_01.wav,1.761500,0.446429,25,4.000000,0.063829,1,ok
data/self/1-3-1/speaker01_zhi3_01.wav,1.761500,0.642857,36,4.000000,0.049384,1,ok
data/self/1-3-1/speaker01_bi3_01.wav,1.761500,0.642857,36,4.000000,0.042284,1,ok
data/self/1-3-1/speaker01_jiao3_01.wav,1.761500,0.410714,23,4.000000,0.063808,1,ok
data/self/1-3-1/speaker01_lian3_01.wav,1.761500,0.553571,31,4.000000,0.042612,1,ok
data/self/1-3-1/speaker01_yan3_01.wav,1.761500,0.267857,15,4.000000,0.042841,0,low_voiced_ratio
data/self/1-3-1/speaker01_er3_01.wav,1.761500,0.285714,16,4.000000,0.039242,0,low_voiced_ratio
data/self/1-3-1/speaker01_san3_01.wav,1.761500,0.232143,13,4.000000,0.043948,0,low_voiced_ratio
data/self/1-3-1/speaker01_hai3_01.wav,1.761500,0.214286,12,4.000000,0.041431,0,low_voiced_ratio
data/self/1-3-1/speaker01_hao3_01.wav,1.761500,0.142857,8,4.000000,0.054107,0,low_voiced_ratio
data/self/1-3-1/speaker01_xiao3_01.wav,1.761500,0.196429,11,4.000000,0.054663,0,low_voiced_ratio
data/self/1-3-1/speaker01_lao3_01.wav,1.761500,0.250000,14,4.000000,0.060184,0,low_voiced_ratio
data/self/1-3-1/speaker01_leng3_01.wav,1.761500,0.214286,12,4.000000,0.050078,0,low_voiced_ratio
data/self/1-3-1/speaker01_duan3_01.wav,1.761500,0.250000,14,4.000000,0.047581,0,low_voiced_ratio
data/self/1-3-1/speaker01_zao3_01.wav,1.761500,0.250000,14,4.000000,0.061589,0,low_voiced_ratio
data/self/1-3-1/speaker01_wan3_01.wav,1.761500,0.267857,15,4.000000,0.046485,0,low_voiced_ratio
data/self/1-3-1/speaker01_bei3_01.wav,1.761500,0.303571,17,4.000000,0.043142,0,low_voiced_ratio
data/self/1-3-1/speaker01_ben3_01.wav,1.761500,0.821429,46,4.000000,0.044569,1,ok
data/self/1-3-1/speaker01_ni3_01.wav,1.761500,0.267857,15,4.000000,0.038242,0,low_voiced_ratio
data/self/1-3-1/speaker01_wo3_01.wav,1.761500,0.285714,16,4.000000,0.059800,0,low_voiced_ratio
data/self/1-3-1/speaker01_zou3_01.wav,1.761500,0.642857,36,4.000000,0.056456,1,ok
data/self/1-3-2/speaker01_ma3_02.wav,2.375875,0.160000,12,4.000000,0.034146,0,duration_too_long
data/self/1-3-2/speaker01_mi3_02.wav,2.375875,0.173333,13,4.000000,0.029834,0,duration_too_long
data/self/1-3-2/speaker01_shou3_02.wav,2.375875,0.146667,11,4.000000,0.041830,0,duration_too_long
data/self/1-3-2/speaker01_kou3_02.wav,2.375875,0.133333,10,4.000000,0.043054,0,duration_too_long
data/self/1-3-2/speaker01_shui3_02.wav,2.375875,0.160000,12,4.000000,0.035979,0,duration_too_long
data/self/1-3-2/speaker01_huo3_02.wav,2.375875,0.160000,12,4.000000,0.050125,0,duration_too_long
data/self/1-3-2/speaker01_gou3_02.wav,2.375875,0.160000,12,4.000000,0.045798,0,duration_too_long
data/self/1-3-2/speaker01_niao3_02.wav,2.375875,0.200000,15,4.000000,0.043274,0,duration_too_long
data/self/1-3-2/speaker01_yu3_02.wav,2.375875,0.173333,13,4.000000,0.035016,0,duration_too_long
data/self/1-3-2/speaker01_cao3_02.wav,2.375875,0.000000,0,0.000000,0.049596,0,duration_too_long
data/self/1-3-2/speaker01_zhi3_02.wav,2.375875,0.146667,11,4.000000,0.038233,0,duration_too_long
data/self/1-3-2/speaker01_bi3_02.wav,2.375875,0.173333,13,4.000000,0.033164,0,duration_too_long
data/self/1-3-2/speaker01_jiao3_02.wav,2.375875,0.000000,0,0.000000,0.049075,0,duration_too_long
data/self/1-3-2/speaker01_lian3_02.wav,2.375875,0.186667,14,4.000000,0.032571,0,duration_too_long
data/self/1-3-2/speaker01_yan3_02.wav,2.375875,0.186667,14,4.000000,0.033314,0,duration_too_long
data/self/1-3-2/speaker01_er3_02.wav,2.375875,0.173333,13,4.000000,0.030473,0,duration_too_long
data/self/1-3-2/speaker01_san3_02.wav,2.375875,0.226667,17,4.000000,0.034557,0,duration_too_long
data/self/1-3-2/speaker01_hai3_02.wav,2.375875,0.000000,0,0.000000,0.032243,0,duration_too_long
data/self/1-3-2/speaker01_hao3_02.wav,2.375875,0.146667,11,4.000000,0.041974,0,duration_too_long
data/self/1-3-2/speaker01_xiao3_02.wav,2.375875,0.146667,11,4.000000,0.046232,0,duration_too_long
data/self/1-3-2/speaker01_lao3_02.wav,2.375875,0.173333,13,4.000000,0.047707,0,duration_too_long
data/self/1-3-2/speaker01_leng3_02.wav,2.375875,0.160000,12,4.000000,0.034340,0,duration_too_long
data/self/1-3-2/speaker01_duan3_02.wav,2.375875,0.173333,13,4.000000,0.037024,0,duration_too_long
data/self/1-3-2/speaker01_zao3_02.wav,2.375875,0.000000,0,0.000000,0.047092,0,duration_too_long
data/self/1-3-2/speaker01_wan3_02.wav,2.375875,0.173333,13,4.000000,0.035922,0,duration_too_long
data/self/1-3-2/speaker01_bei3_02.wav,2.375875,0.186667,14,4.000000,0.033790,0,duration_too_long
data/self/1-3-2/speaker01_ben3_02.wav,2.375875,0.146667,11,4.000000,0.035826,0,duration_too_long
data/self/1-3-2/speaker01_ni3_02.wav,2.375875,0.173333,13,4.000000,0.029894,0,duration_too_long
data/self/1-3-2/speaker01_wo3_02.wav,2.375875,0.200000,15,4.000000,0.046242,0,duration_too_long
data/self/1-3-2/speaker01_zou3_02.wav,2.375875,0.160000,12,4.000000,0.043604,0,duration_too_long
data/self/1-3-3/speaker01_ma3_03.wav,1.565813,0.510204,25,4.000000,0.043381,1,ok
data/self/1-3-3/speaker01_mi3_03.wav,1.565813,0.510204,25,4.000000,0.038604,1,ok
data/self/1-3-3/speaker01_shou3_03.wav,1.565813,0.244898,12,4.000000,0.054289,0,low_voiced_ratio
data/self/1-3-3/speaker01_kou3_03.wav,1.565813,0.244898,12,4.000000,0.055737,0,low_voiced_ratio
data/self/1-3-3/speaker01_shui3_03.wav,1.565813,0.244898,12,4.000000,0.046240,0,low_voiced_ratio
data/self/1-3-3/speaker01_huo3_03.wav,1.565813,0.265306,13,4.000000,0.064321,0,low_voiced_ratio
data/self/1-3-3/speaker01_gou3_03.wav,1.565813,0.285714,14,4.000000,0.058674,0,low_voiced_ratio
data/self/1-3-3/speaker01_niao3_03.wav,1.565813,0.632653,31,4.000000,0.054989,1,ok
data/self/1-3-3/speaker01_yu3_03.wav,1.565813,0.306122,15,4.000000,0.045185,0,low_voiced_ratio
data/self/1-3-3/speaker01_cao3_03.wav,1.565813,0.224490,11,4.000000,0.062967,0,low_voiced_ratio
data/self/1-3-3/speaker01_zhi3_03.wav,1.565813,0.510204,25,4.000000,0.049149,1,ok
data/self/1-3-3/speaker01_bi3_03.wav,1.565813,0.265306,13,4.000000,0.042505,0,low_voiced_ratio
data/self/1-3-3/speaker01_jiao3_03.wav,1.565813,0.551020,27,4.000000,0.062879,1,ok
data/self/1-3-3/speaker01_lian3_03.wav,1.565813,0.755102,37,4.000000,0.041434,1,ok
data/self/1-3-3/speaker01_yan3_03.wav,1.565813,0.530612,26,4.000000,0.042289,1,ok
data/self/1-3-3/speaker01_er3_03.wav,1.565813,0.448980,22,4.000000,0.039172,1,ok
data/self/1-3-3/speaker01_san3_03.wav,1.565813,0.244898,12,4.000000,0.044926,0,low_voiced_ratio
data/self/1-3-3/speaker01_hai3_03.wav,1.565813,0.163265,8,4.000000,0.042007,0,low_voiced_ratio
data/self/1-3-3/speaker01_hao3_03.wav,1.565813,0.163265,8,4.000000,0.055010,0,low_voiced_ratio
data/self/1-3-3/speaker01_xiao3_03.wav,1.565813,0.183673,9,4.000000,0.054278,0,low_voiced_ratio
data/self/1-3-3/speaker01_lao3_03.wav,1.565813,0.632653,31,4.000000,0.060669,1,ok
data/self/1-3-3/speaker01_leng3_03.wav,1.565813,0.530612,26,4.000000,0.052090,1,ok
data/self/1-3-3/speaker01_duan3_03.wav,1.565813,0.653061,32,4.000000,0.047728,1,ok
data/self/1-3-3/speaker01_zao3_03.wav,1.565813,0.693878,34,4.000000,0.060255,1,ok
data/self/1-3-3/speaker01_wan3_03.wav,1.565813,0.244898,12,4.000000,0.045811,0,low_voiced_ratio
data/self/1-3-3/speaker01_bei3_03.wav,1.565813,0.612245,30,4.000000,0.043060,1,ok
data/self/1-3-3/speaker01_ben3_03.wav,1.565750,0.734694,36,4.000000,0.044964,1,ok
data/self/1-3-3/speaker01_ni3_03.wav,1.565750,0.285714,14,4.000000,0.037669,0,low_voiced_ratio
data/self/1-3-3/speaker01_wo3_03.wav,1.565750,0.428571,21,4.000000,0.060569,1,ok
data/self/1-3-3/speaker01_zou3_03.wav,1.565750,0.244898,12,4.000000,0.056431,0,low_voiced_ratio
data/self/1-4-1/speaker01_ma4_01.wav,1.558312,0.183673,9,4.000000,0.067669,0,low_voiced_ratio
data/self/1-4-1/speaker01_da4_01.wav,1.558312,0.204082,10,4.000000,0.070014,0,low_voiced_ratio
data/self/1-4-1/speaker01_yue4_01.wav,1.558312,0.183673,9,4.000000,0.088773,0,low_voiced_ratio
data/self/1-4-1/speaker01_ri4_01.wav,1.558312,0.224490,11,4.000000,0.067988,0,low_voiced_ratio
data/self/1-4-1/speaker01_dian4_01.wav,1.558312,0.204082,10,4.000000,0.076332,0,low_voiced_ratio
data/self/1-4-1/speaker01_lu4_01.wav,1.558312,0.224490,11,4.000000,0.082422,0,low_voiced_ratio
data/self/1-4-1/speaker01_shu4_01.wav,1.558312,0.183673,9,4.000000,0.070821,0,low_voiced_ratio
data/self/1-4-1/speaker01_cai4_01.wav,1.558312,0.000000,0,0.000000,0.057208,0,low_voiced_ratio
data/self/1-4-1/speaker01_fan4_01.wav,1.558312,0.183673,9,4.000000,0.065768,0,low_voiced_ratio
data/self/1-4-1/speaker01_rou4_01.wav,1.558312,0.551020,27,4.000000,0.078515,1,ok
data/self/1-4-1/speaker01_hua4_01.wav,1.558312,0.142857,7,4.000000,0.074726,0,low_voiced_ratio
data/self/1-4-1/speaker01_mao4_01.wav,1.558312,0.224490,11,4.000000,0.078469,0,low_voiced_ratio
data/self/1-4-1/speaker01_xiao4_01.wav,1.558312,0.204082,10,4.000000,0.090499,0,low_voiced_ratio
data/self/1-4-1/speaker01_tiao4_01.wav,1.558250,0.204082,10,4.000000,0.096019,0,low_voiced_ratio
data/self/1-4-1/speaker01_zuo4_01.wav,1.558250,0.142857,7,4.000000,0.082102,0,low_voiced_ratio
data/self/1-4-1/speaker01_you4_01.wav,1.558250,0.244898,12,4.000000,0.084398,0,low_voiced_ratio
data/self/1-4-1/speaker01_hou4_01.wav,1.558250,0.204082,10,4.000000,0.066458,0,low_voiced_ratio
data/self/1-4-1/speaker01_shang4_01.wav,1.558250,0.183673,9,4.000000,0.072806,0,low_voiced_ratio
data/self/1-4-1/speaker01_xia4_01.wav,1.558250,0.102041,5,4.000000,0.083676,0,low_voiced_ratio
data/self/1-4-1/speaker01_kuai4_01.wav,1.558250,0.000000,0,0.000000,0.055046,0,low_voiced_ratio
data/self/1-4-1/speaker01_man4_01.wav,1.558250,0.244898,12,4.000000,0.069896,0,low_voiced_ratio
data/self/1-4-1/speaker01_re4_01.wav,1.558250,0.224490,11,4.000000,0.079570,0,low_voiced_ratio
data/self/1-4-1/speaker01_lv4_01.wav,1.558250,0.265306,13,4.000000,0.091889,0,low_voiced_ratio
data/self/1-4-1/speaker01_liang4_01.wav,1.558250,0.244898,12,4.000000,0.078997,0,low_voiced_ratio
data/self/1-4-1/speaker01_bing4_01.wav,1.558250,0.244898,12,4.000000,0.098543,0,low_voiced_ratio
data/self/1-4-1/speaker01_ke4_01.wav,1.558250,0.204082,10,4.000000,0.071091,0,low_voiced_ratio
data/self/1-4-1/speaker01_pian4_01.wav,1.558250,0.204082,10,4.000000,0.064080,0,low_voiced_ratio
data/self/1-4-1/speaker01_xin4_01.wav,1.558250,0.183673,9,4.000000,0.058017,0,low_voiced_ratio
data/self/1-4-1/speaker01_song4_01.wav,1.558250,0.204082,10,4.000000,0.064040,0,low_voiced_ratio
data/self/1-4-1/speaker01_zhan4_01.wav,1.558250,0.224490,11,4.000000,0.069526,0,low_voiced_ratio
data/self/1-4-2/speaker01_ma4_02.wav,2.961438,0.096774,9,4.000000,0.051578,0,duration_too_long
data/self/1-4-2/speaker01_da4_02.wav,2.961438,0.419355,39,4.000000,0.052699,0,duration_too_long
data/self/1-4-2/speaker01_yue4_02.wav,2.961438,0.107527,10,4.000000,0.071516,0,duration_too_long
data/self/1-4-2/speaker01_ri4_02.wav,2.961438,0.204301,19,4.000000,0.052580,0,duration_too_long
data/self/1-4-2/speaker01_dian4_02.wav,2.961438,0.129032,12,4.000000,0.058032,0,duration_too_long
data/self/1-4-2/speaker01_lu4_02.wav,2.961438,0.139785,13,4.000000,0.065691,0,duration_too_long
data/self/1-4-2/speaker01_shu4_02.wav,2.961438,0.387097,36,4.000000,0.056457,0,duration_too_long
data/self/1-4-2/speaker01_cai4_02.wav,2.961438,0.000000,0,0.000000,0.042869,0,duration_too_long
data/self/1-4-2/speaker01_fan4_02.wav,2.961375,0.064516,6,4.000000,0.051134,0,duration_too_long
data/self/1-4-2/speaker01_rou4_02.wav,2.961375,0.129032,12,4.000000,0.060759,0,duration_too_long
data/self/1-4-2/speaker01_hua4_02.wav,2.961375,0.096774,9,4.000000,0.055711,0,duration_too_long
data/self/1-4-2/speaker01_mao4_02.wav,2.961375,0.462366,43,4.000000,0.059834,0,duration_too_long
data/self/1-4-2/speaker01_xiao4_02.wav,2.961375,0.118280,11,4.000000,0.068989,0,duration_too_long
data/self/1-4-2/speaker01_tiao4_02.wav,2.961375,0.408602,38,4.000000,0.072575,0,duration_too_long
data/self/1-4-2/speaker01_zuo4_02.wav,2.961375,0.096774,9,4.000000,0.062391,0,duration_too_long
data/self/1-4-2/speaker01_you4_02.wav,2.961375,0.387097,36,4.000000,0.069041,0,duration_too_long
data/self/1-4-2/speaker01_hou4_02.wav,2.961375,0.118280,11,4.000000,0.049558,0,duration_too_long
data/self/1-4-2/speaker01_shang4_02.wav,2.961375,0.354839,33,4.000000,0.057884,0,duration_too_long
data/self/1-4-2/speaker01_xia4_02.wav,2.961375,0.107527,10,4.000000,0.062893,0,duration_too_long
data/self/1-4-2/speaker01_kuai4_02.wav,2.961375,0.096774,9,4.000000,0.041880,0,duration_too_long
data/self/1-4-2/speaker01_man4_02.wav,2.961375,0.612903,57,4.000000,0.053905,0,duration_too_long
data/self/1-4-2/speaker01_re4_02.wav,2.961375,0.236559,22,4.000000,0.062922,0,duration_too_long
data/self/1-4-2/speaker01_lv4_02.wav,2.961375,0.225806,21,4.000000,0.071012,0,duration_too_long
data/self/1-4-2/speaker01_liang4_02.wav,2.961375,0.483871,45,4.000000,0.061709,0,duration_too_long
data/self/1-4-2/speaker01_bing4_02.wav,2.961375,0.129032,12,4.000000,0.076328,0,duration_too_long
data/self/1-4-2/speaker01_ke4_02.wav,2.961375,0.075269,7,4.000000,0.055196,0,duration_too_long
data/self/1-4-2/speaker01_pian4_02.wav,2.961375,0.193548,18,4.000000,0.048261,0,duration_too_long
data/self/1-4-2/speaker01_xin4_02.wav,2.961375,0.419355,39,4.000000,0.043690,0,duration_too_long
data/self/1-4-2/speaker01_song4_02.wav,2.961375,0.118280,11,4.000000,0.048219,0,duration_too_long
data/self/1-4-2/speaker01_zhan4_02.wav,2.961375,0.666667,62,4.000000,0.055398,0,duration_too_long
data/self/1-4-3/speaker01_ma4_03.wav,1.402500,0.204545,9,4.000000,0.066872,0,low_voiced_ratio
data/self/1-4-3/speaker01_da4_03.wav,1.402500,0.227273,10,4.000000,0.069886,0,low_voiced_ratio
data/self/1-4-3/speaker01_yue4_03.wav,1.402500,0.204545,9,4.000000,0.092263,0,low_voiced_ratio
data/self/1-4-3/speaker01_ri4_03.wav,1.402500,0.227273,10,4.000000,0.068559,0,low_voiced_ratio
data/self/1-4-3/speaker01_dian4_03.wav,1.402500,0.250000,11,4.000000,0.078779,0,low_voiced_ratio
data/self/1-4-3/speaker01_lu4_03.wav,1.402500,0.250000,11,4.000000,0.085513,0,low_voiced_ratio
data/self/1-4-3/speaker01_shu4_03.wav,1.402500,0.181818,8,4.000000,0.072382,0,low_voiced_ratio
data/self/1-4-3/speaker01_cai4_03.wav,1.402500,0.000000,0,0.000000,0.058037,0,low_voiced_ratio
data/self/1-4-3/speaker01_fan4_03.wav,1.402500,0.159091,7,4.000000,0.068245,0,low_voiced_ratio
data/self/1-4-3/speaker01_rou4_03.wav,1.402500,0.250000,11,4.000000,0.079788,0,low_voiced_ratio
data/self/1-4-3/speaker01_hua4_03.wav,1.402500,0.159091,7,4.000000,0.074645,0,low_voiced_ratio
data/self/1-4-3/speaker01_mao4_03.wav,1.402500,0.227273,10,4.000000,0.079750,0,low_voiced_ratio
data/self/1-4-3/speaker01_xiao4_03.wav,1.402500,0.204545,9,4.000000,0.091016,0,low_voiced_ratio
data/self/1-4-3/speaker01_tiao4_03.wav,1.402500,0.250000,11,4.000000,0.095645,0,low_voiced_ratio
data/self/1-4-3/speaker01_zuo4_03.wav,1.402500,0.227273,10,4.000000,0.080821,0,low_voiced_ratio
data/self/1-4-3/speaker01_you4_03.wav,1.402500,0.227273,10,4.000000,0.087246,0,low_voiced_ratio
data/self/1-4-3/speaker01_hou4_03.wav,1.402500,0.000000,0,0.000000,0.066091,0,low_voiced_ratio
data/self/1-4-3/speaker01_shang4_03.wav,1.402500,0.181818,8,4.000000,0.075816,0,low_voiced_ratio
data/self/1-4-3/speaker01_xia4_03.wav,1.402438,0.113636,5,4.000000,0.082908,0,low_voiced_ratio
data/self/1-4-3/speaker01_kuai4_03.wav,1.402438,0.000000,0,0.000000,0.055964,0,low_voiced_ratio
data/self/1-4-3/speaker01_man4_03.wav,1.402438,0.272727,12,4.000000,0.070861,0,low_voiced_ratio
data/self/1-4-3/speaker01_re4_03.wav,1.402438,0.181818,8,4.000000,0.081214,0,low_voiced_ratio
data/self/1-4-3/speaker01_lv4_03.wav,1.402438,0.250000,11,4.000000,0.092771,0,low_voiced_ratio
data/self/1-4-3/speaker01_liang4_03.wav,1.402438,0.250000,11,4.000000,0.079937,0,low_voiced_ratio
data/self/1-4-3/speaker01_bing4_03.wav,1.402438,0.295455,13,4.000000,0.102976,0,low_voiced_ratio
data/self/1-4-3/speaker01_ke4_03.wav,1.402438,0.204545,9,4.000000,0.071265,0,low_voiced_ratio
data/self/1-4-3/speaker01_pian4_03.wav,1.402438,0.227273,10,4.000000,0.063874,0,low_voiced_ratio
data/self/1-4-3/speaker01_xin4_03.wav,1.402438,0.204545,9,4.000000,0.057710,0,low_voiced_ratio
data/self/1-4-3/speaker01_song4_03.wav,1.402438,0.204545,9,4.000000,0.064366,0,low_voiced_ratio
data/self/1-4-3/speaker01_zhan4_03.wav,1.402438,0.227273,10,4.000000,0.071516,0,low_voiced_ratio
data/self/2-1-1/speaker02_ma1_01.wav,2.409687,0.157895,12,4.000000,0.071213,0,duration_too_long
data/self/2-1-1/speaker02_ba1_01.wav,2.409687,0.144737,11,4.000000,0.053911,0,duration_too_long
data/self/2-1-1/speaker02_hua1_01.wav,2.409687,0.131579,10,4.000000,0.067324,0,duration_too_long
data/self/2-1-1/speaker02_shu1_01.wav,2.409687,0.144737,11,4.000000,0.058142,0,duration_too_long
data/self/2-1-1/speaker02_tian1_01.wav,2.409687,0.144737,11,4.000000,0.053273,0,duration_too_long
data/self/2-1-1/speaker02_jia1_01.wav,2.409687,0.131579,10,4.000000,0.057157,0,duration_too_long
data/self/2-1-1/speaker02_shan1_01.wav,2.409687,0.144737,11,4.000000,0.057053,0,duration_too_long
data/self/2-1-1/speaker02_che1_01.wav,2.409687,0.118421,9,4.000000,0.062219,0,duration_too_long
data/self/2-1-1/speaker02_fei1_01.wav,2.409687,0.144737,11,4.000000,0.053050,0,duration_too_long
data/self/2-1-1/speaker02_mao1_01.wav,2.409687,0.157895,12,4.000000,0.055686,0,duration_too_long
data/self/2-1-1/speaker02_ji1_01.wav,2.409687,0.157895,12,4.000000,0.062056,0,duration_too_long
data/self/2-1-1/speaker02_deng1_01.wav,2.409687,0.131579,10,4.000000,0.063158,0,duration_too_long
data/self/2-1-1/speaker02_feng1_01.wav,2.409687,0.157895,12,4.000000,0.047397,0,duration_too_long
data/self/2-1-1/speaker02_xing1_01.wav,2.409687,0.144737,11,4.000000,0.051724,0,duration_too_long
data/self/2-1-1/speaker02_yi1_01.wav,2.409687,0.144737,11,4.000000,0.047637,0,duration_too_long
data/self/2-1-1/speaker02_jiang1_01.wav,2.409687,0.144737,11,4.000000,0.058368,0,duration_too_long
data/self/2-1-1/speaker02_xin1_01.wav,2.409687,0.118421,9,4.000000,0.049491,0,duration_too_long
data/self/2-1-1/speaker02_qing1_01.wav,2.409687,0.131579,10,4.000000,0.056232,0,duration_too_long
data/self/2-1-1/speaker02_gao1_01.wav,2.409687,0.118421,9,4.000000,0.059614,0,duration_too_long
data/self/2-1-1/speaker02_kai1_01.wav,2.409687,0.118421,9,4.000000,0.052052,0,duration_too_long
data/self/2-1-1/speaker02_chi1_01.wav,2.409687,0.131579,10,4.000000,0.064404,0,duration_too_long
data/self/2-1-1/speaker02_he1_01.wav,2.409687,0.118421,9,4.000000,0.049590,0,duration_too_long
data/self/2-1-1/speaker02_ge1_01.wav,2.409687,0.157895,12,4.000000,0.055071,0,duration_too_long
data/self/2-1-1/speaker02_ku1_01.wav,2.409687,0.197368,15,4.000000,0.039876,0,duration_too_long
data/self/2-1-1/speaker02_di1_01.wav,2.409687,0.144737,11,4.000000,0.068209,0,duration_too_long
data/self/2-1-1/speaker02_dong1_01.wav,2.409687,0.144737,11,4.000000,0.059611,0,duration_too_long
data/self/2-1-1/speaker02_xi1_01.wav,2.409687,0.118421,9,4.000000,0.038790,0,duration_too_long
data/self/2-1-1/speaker02_sheng1_01.wav,2.409687,0.118421,9,4.000000,0.062557,0,duration_too_long
data/self/2-1-1/speaker02_guang1_01.wav,2.409687,0.144737,11,4.000000,0.065824,0,duration_too_long
data/self/2-1-1/speaker02_kong1_01.wav,2.409625,0.144737,11,4.000000,0.044449,0,duration_too_long
data/self/2-1-2/speaker02_ma1_02.wav,2.833063,0.561798,50,4.000000,0.070269,0,duration_too_long
data/self/2-1-2/speaker02_ba1_02.wav,2.833063,0.134831,12,4.000000,0.051818,0,duration_too_long
data/self/2-1-2/speaker02_hua1_02.wav,2.833063,0.516854,46,4.000000,0.066437,0,duration_too_long
data/self/2-1-2/speaker02_shu1_02.wav,2.833063,0.280899,25,4.000000,0.057834,0,duration_too_long
data/self/2-1-2/speaker02_tian1_02.wav,2.833063,0.157303,14,4.000000,0.052890,0,duration_too_long
data/self/2-1-2/speaker02_jia1_02.wav,2.833063,0.382022,34,4.000000,0.056962,0,duration_too_long
data/self/2-1-2/speaker02_shan1_02.wav,2.833063,0.314607,28,4.000000,0.057407,0,duration_too_long
data/self/2-1-2/speaker02_che1_02.wav,2.833063,0.235955,21,4.000000,0.062087,0,duration_too_long
data/self/2-1-2/speaker02_fei1_02.wav,2.833063,0.460674,41,4.000000,0.052853,0,duration_too_long
data/self/2-1-2/speaker02_mao1_02.wav,2.833063,0.505618,45,4.000000,0.055581,0,duration_too_long
data/self/2-1-2/speaker02_ji1_02.wav,2.833063,0.314607,28,4.000000,0.061568,0,duration_too_long
data/self/2-1-2/speaker02_deng1_02.wav,2.833063,0.224719,20,4.000000,0.063677,0,duration_too_long
data/self/2-1-2/speaker02_feng1_02.wav,2.833063,0.460674,41,4.000000,0.046840,0,duration_too_long
data/self/2-1-2/speaker02_xing1_02.wav,2.833000,0.146067,13,4.000000,0.050673,0,duration_too_long
data/self/2-1-2/speaker02_yi1_02.wav,2.833000,0.460674,41,4.000000,0.047832,0,duration_too_long
data/self/2-1-2/speaker02_jiang1_02.wav,2.833000,0.359551,32,4.000000,0.055191,0,duration_too_long
data/self/2-1-2/speaker02_xin1_02.wav,2.833000,0.213483,19,4.000000,0.048807,0,duration_too_long
data/self/2-1-2/speaker02_qing1_02.wav,2.833000,0.516854,46,4.000000,0.055986,0,duration_too_long
data/self/2-1-2/speaker02_gao1_02.wav,2.833000,0.112360,10,4.000000,0.059261,0,duration_too_long
data/self/2-1-2/speaker02_kai1_02.wav,2.833000,0.213483,19,4.000000,0.050287,0,duration_too_long
data/self/2-1-2/speaker02_chi1_02.wav,2.833000,0.325843,29,4.000000,0.067291,0,duration_too_long
data/self/2-1-2/speaker02_he1_02.wav,2.833000,0.101124,9,4.000000,0.047637,0,duration_too_long
data/self/2-1-2/speaker02_ge1_02.wav,2.833000,0.494382,44,4.000000,0.054536,0,duration_too_long
data/self/2-1-2/speaker02_ku1_02.wav,2.833000,0.235955,21,4.000000,0.038691,0,duration_too_long
data/self/2-1-2/speaker02_di1_02.wav,2.833000,0.213483,19,4.000000,0.068486,0,duration_too_long
data/self/2-1-2/speaker02_dong1_02.wav,2.833000,0.337079,30,4.000000,0.059406,0,duration_too_long
data/self/2-1-2/speaker02_xi1_02.wav,2.833000,0.494382,44,4.000000,0.039143,0,duration_too_long
data/self/2-1-2/speaker02_sheng1_02.wav,2.833000,0.359551,32,4.000000,0.062348,0,duration_too_long
data/self/2-1-2/speaker02_guang1_02.wav,2.833000,0.247191,22,4.000000,0.064676,0,duration_too_long
data/self/2-1-2/speaker02_kong1_02.wav,2.833000,0.258427,23,4.000000,0.044129,0,duration_too_long
data/self/2-1-3/speaker02_ma1_03.wav,1.686687,0.301887,16,4.000000,0.091052,0,low_voiced_ratio
data/self/2-1-3/speaker02_ba1_03.wav,1.686687,0.188679,10,4.000000,0.067147,0,low_voiced_ratio
data/self/2-1-3/speaker02_hua1_03.wav,1.686687,0.490566,26,4.000000,0.086641,1,ok
data/self/2-1-3/speaker02_shu1_03.wav,1.686687,0.226415,12,4.000000,0.075312,0,low_voiced_ratio
data/self/2-1-3/speaker02_tian1_03.wav,1.686687,0.226415,12,4.000000,0.066813,0,low_voiced_ratio
data/self/2-1-3/speaker02_jia1_03.wav,1.686687,0.566038,30,4.000000,0.074018,1,ok
data/self/2-1-3/speaker02_shan1_03.wav,1.686687,0.735849,39,4.000000,0.073599,1,ok
data/self/2-1-3/speaker02_che1_03.wav,1.686687,0.207547,11,4.000000,0.080693,0,low_voiced_ratio
data/self/2-1-3/speaker02_fei1_03.wav,1.686687,0.509434,27,4.000000,0.069787,1,ok
data/self/2-1-3/speaker02_mao1_03.wav,1.686687,0.264151,14,4.000000,0.071820,0,low_voiced_ratio
data/self/2-1-3/speaker02_ji1_03.wav,1.686687,0.433962,23,4.000000,0.080671,1,ok
data/self/2-1-3/speaker02_deng1_03.wav,1.686687,0.415094,22,4.000000,0.082481,1,ok
data/self/2-1-3/speaker02_feng1_03.wav,1.686687,0.547170,29,4.000000,0.061437,1,ok
data/self/2-1-3/speaker02_xing1_03.wav,1.686687,0.433962,23,4.000000,0.067570,1,ok
data/self/2-1-3/speaker02_yi1_03.wav,1.686687,0.471698,25,4.000000,0.062142,1,ok
data/self/2-1-3/speaker02_jiang1_03.wav,1.686687,0.735849,39,4.000000,0.072706,1,ok
data/self/2-1-3/speaker02_xin1_03.wav,1.686687,0.509434,27,4.000000,0.064197,1,ok
data/self/2-1-3/speaker02_qing1_03.wav,1.686687,0.433962,23,4.000000,0.071234,1,ok
data/self/2-1-3/speaker02_gao1_03.wav,1.686687,0.188679,10,4.000000,0.078829,0,low_voiced_ratio
data/self/2-1-3/speaker02_kai1_03.wav,1.686687,0.641509,34,4.000000,0.067476,1,ok
data/self/2-1-3/speaker02_chi1_03.wav,1.686687,0.207547,11,4.000000,0.082899,0,low_voiced_ratio
data/self/2-1-3/speaker02_he1_03.wav,1.686687,0.169811,9,4.000000,0.063167,0,low_voiced_ratio
data/self/2-1-3/speaker02_ge1_03.wav,1.686687,0.339623,18,4.000000,0.071427,0,low_voiced_ratio
data/self/2-1-3/speaker02_ku1_03.wav,1.686687,0.320755,17,4.000000,0.051664,0,low_voiced_ratio
data/self/2-1-3/speaker02_di1_03.wav,1.686687,0.226415,12,4.000000,0.088158,0,low_voiced_ratio
data/self/2-1-3/speaker02_dong1_03.wav,1.686687,0.245283,13,4.000000,0.076597,0,low_voiced_ratio
data/self/2-1-3/speaker02_xi1_03.wav,1.686687,0.509434,27,4.000000,0.049137,1,ok
data/self/2-1-3/speaker02_sheng1_03.wav,1.686687,0.622642,33,4.000000,0.079908,1,ok
data/self/2-1-3/speaker02_guang1_03.wav,1.686687,0.509434,27,4.000000,0.084160,1,ok
data/self/2-1-3/speaker02_kong1_03.wav,1.686625,0.452830,24,4.000000,0.058239,1,ok
data/self/2-2-1/speaker02_ma2_01.wav,1.732813,0.309091,17,4.000000,0.060790,0,low_voiced_ratio
data/self/2-2-1/speaker02_cha2_01.wav,1.732813,0.272727,15,4.000000,0.057105,0,low_voiced_ratio
data/self/2-2-1/speaker02_yu2_01.wav,1.732813,0.290909,16,4.000000,0.083885,0,low_voiced_ratio
data/self/2-2-1/speaker02_niu2_01.wav,1.732813,0.290909,16,4.000000,0.080763,0,low_voiced_ratio
data/self/2-2-1/speaker02_ren2_01.wav,1.732813,0.290909,16,4.000000,0.090985,0,low_voiced_ratio
data/self/2-2-1/speaker02_men2_01.wav,1.732813,0.218182,12,4.000000,0.073074,0,low_voiced_ratio
data/self/2-2-1/speaker02_tian2_01.wav,1.732813,0.272727,15,4.000000,0.086469,0,low_voiced_ratio
data/self/2-2-1/speaker02_he2_01.wav,1.732813,0.181818,10,4.000000,0.049505,0,low_voiced_ratio
data/self/2-2-1/speaker02_yun2_01.wav,1.732813,0.781818,43,4.000000,0.073518,1,ok
data/self/2-2-1/speaker02_chuan2_01.wav,1.732813,0.690909,38,4.000000,0.066985,1,ok
data/self/2-2-1/speaker02_yang2_01.wav,1.732813,0.490909,27,4.000000,0.070289,1,ok
data/self/2-2-1/speaker02_chong2_01.wav,1.732813,0.363636,20,4.000000,0.057469,1,ok
data/self/2-2-1/speaker02_ya2_01.wav,1.732813,0.436364,24,4.000000,0.070510,1,ok
data/self/2-2-1/speaker02_qiu2_01.wav,1.732813,0.290909,16,4.000000,0.059637,0,low_voiced_ratio
data/self/2-2-1/speaker02_hong2_01.wav,1.732813,0.345455,19,4.000000,0.048218,0,low_voiced_ratio
data/self/2-2-1/speaker02_bai2_01.wav,1.732813,0.000000,0,0.000000,0.073427,0,low_voiced_ratio
data/self/2-2-1/speaker02_lai2_01.wav,1.732813,0.618182,34,4.000000,0.062275,1,ok
data/self/2-2-1/speaker02_hui2_01.wav,1.732813,0.563636,31,4.000000,0.085583,1,ok
data/self/2-2-1/speaker02_xue2_01.wav,1.732813,0.454545,25,4.000000,0.071667,1,ok
data/self/2-2-1/speaker02_ming2_01.wav,1.732813,0.818182,45,4.000000,0.048733,1,ok
data/self/2-2-1/speaker02_lin2_01.wav,1.732813,0.854545,47,4.000000,0.077167,1,ok
data/self/2-2-1/speaker02_long2_01.wav,1.732813,0.254545,14,4.000000,0.072436,0,low_voiced_ratio
data/self/2-2-1/speaker02_shi2_01.wav,1.732813,0.418182,23,4.000000,0.072090,1,ok
data/self/2-2-1/speaker02_bi2_01.wav,1.732813,0.418182,23,4.000000,0.047323,1,ok
data/self/2-2-1/speaker02_pi2_01.wav,1.732750,0.545455,30,4.000000,0.046448,1,ok
data/self/2-2-1/speaker02_tou2_01.wav,1.732750,0.290909,16,4.000000,0.083632,0,low_voiced_ratio
data/self/2-2-1/speaker02_you2_01.wav,1.732750,0.636364,35,4.000000,0.073926,1,ok
data/self/2-2-1/speaker02_zhu2_01.wav,1.732750,0.200000,11,4.000000,0.072568,0,low_voiced_ratio
data/self/2-2-1/speaker02_lan2_01.wav,1.732750,0.490909,27,4.000000,0.068688,1,ok
data/self/2-2-1/speaker02_qian2_01.wav,1.732750,0.545455,30,4.000000,0.073976,1,ok
data/self/2-2-2/speaker02_ma2_02.wav,2.451312,0.207792,16,4.000000,0.047808,0,duration_too_long
data/self/2-2-2/speaker02_cha2_02.wav,2.451312,0.000000,0,0.000000,0.043089,0,duration_too_long
data/self/2-2-2/speaker02_yu2_02.wav,2.451312,0.194805,15,4.000000,0.064382,0,duration_too_long
data/self/2-2-2/speaker02_niu2_02.wav,2.451312,0.181818,14,4.000000,0.063033,0,duration_too_long
data/self/2-2-2/speaker02_ren2_02.wav,2.451312,0.168831,13,4.000000,0.070573,0,duration_too_long
data/self/2-2-2/speaker02_men2_02.wav,2.451312,0.129870,10,4.000000,0.056373,0,duration_too_long
data/self/2-2-2/speaker02_tian2_02.wav,2.451312,0.194805,15,4.000000,0.067273,0,duration_too_long
data/self/2-2-2/speaker02_he2_02.wav,2.451312,0.129870,10,4.000000,0.039949,0,duration_too_long
data/self/2-2-2/speaker02_yun2_02.wav,2.451312,0.168831,13,4.000000,0.056564,0,duration_too_long
data/self/2-2-2/speaker02_chuan2_02.wav,2.451312,0.000000,0,0.000000,0.052278,0,duration_too_long
data/self/2-2-2/speaker02_yang2_02.wav,2.451312,0.155844,12,4.000000,0.054548,0,duration_too_long
data/self/2-2-2/speaker02_chong2_02.wav,2.451250,0.194805,15,4.000000,0.045257,0,duration_too_long
data/self/2-2-2/speaker02_ya2_02.wav,2.451250,0.000000,0,0.000000,0.054843,0,duration_too_long
data/self/2-2-2/speaker02_qiu2_02.wav,2.451250,0.000000,0,0.000000,0.046491,0,duration_too_long
data/self/2-2-2/speaker02_hong2_02.wav,2.451250,0.129870,10,4.000000,0.038239,0,duration_too_long
data/self/2-2-2/speaker02_bai2_02.wav,2.451250,0.000000,0,0.000000,0.056792,0,duration_too_long
data/self/2-2-2/speaker02_lai2_02.wav,2.451250,0.000000,0,0.000000,0.048861,0,duration_too_long
data/self/2-2-2/speaker02_hui2_02.wav,2.451250,0.129870,10,4.000000,0.065901,0,duration_too_long
data/self/2-2-2/speaker02_xue2_02.wav,2.451250,0.142857,11,4.000000,0.056038,0,duration_too_long
data/self/2-2-2/speaker02_ming2_02.wav,2.451250,0.168831,13,4.000000,0.038376,0,duration_too_long
data/self/2-2-2/speaker02_lin2_02.wav,2.451250,0.181818,14,4.000000,0.059872,0,duration_too_long
data/self/2-2-2/speaker02_long2_02.wav,2.451250,0.168831,13,4.000000,0.056463,0,duration_too_long
data/self/2-2-2/speaker02_shi2_02.wav,2.451250,0.129870,10,4.000000,0.056440,0,duration_too_long
data/self/2-2-2/speaker02_bi2_02.wav,2.451250,0.129870,10,4.000000,0.037654,0,duration_too_long
data/self/2-2-2/speaker02_pi2_02.wav,2.451250,0.129870,10,4.000000,0.035959,0,duration_too_long
data/self/2-2-2/speaker02_tou2_02.wav,2.451250,0.000000,0,0.000000,0.063428,0,duration_too_long
data/self/2-2-2/speaker02_you2_02.wav,2.451250,0.168831,13,4.000000,0.056773,0,duration_too_long
data/self/2-2-2/speaker02_zhu2_02.wav,2.451250,0.168831,13,4.000000,0.056871,0,duration_too_long
data/self/2-2-2/speaker02_lan2_02.wav,2.451250,0.142857,11,4.000000,0.053010,0,duration_too_long
data/self/2-2-2/speaker02_qian2_02.wav,2.451250,0.168831,13,4.000000,0.056825,0,duration_too_long
data/self/2-2-3/speaker02_ma2_03.wav,1.641875,0.288462,15,4.000000,0.060441,0,low_voiced_ratio
data/self/2-2-3/speaker02_cha2_03.wav,1.641875,0.442308,23,4.000000,0.053290,1,ok
data/self/2-2-3/speaker02_yu2_03.wav,1.641875,0.230769,12,4.000000,0.081841,0,low_voiced_ratio
data/self/2-2-3/speaker02_niu2_03.wav,1.641875,0.576923,30,4.000000,0.080479,1,ok
data/self/2-2-3/speaker02_ren2_03.wav,1.641875,0.711538,37,4.000000,0.092162,1,ok
data/self/2-2-3/speaker02_men2_03.wav,1.641875,0.480769,25,4.000000,0.071875,1,ok
data/self/2-2-3/speaker02_tian2_03.wav,1.641875,0.269231,14,4.000000,0.085356,0,low_voiced_ratio
data/self/2-2-3/speaker02_he2_03.wav,1.641875,0.346154,18,4.000000,0.051384,0,low_voiced_ratio
data/self/2-2-3/speaker02_yun2_03.wav,1.641875,0.480769,25,4.000000,0.072869,1,ok
data/self/2-2-3/speaker02_chuan2_03.wav,1.641875,0.384615,20,4.000000,0.068167,1,ok
data/self/2-2-3/speaker02_yang2_03.wav,1.641875,0.519231,27,4.000000,0.068614,1,ok
data/self/2-2-3/speaker02_chong2_03.wav,1.641875,0.307692,16,4.000000,0.059229,0,low_voiced_ratio
data/self/2-2-3/speaker02_ya2_03.wav,1.641875,0.384615,20,4.000000,0.070122,1,ok
data/self/2-2-3/speaker02_qiu2_03.wav,1.641875,0.211538,11,4.000000,0.060150,0,low_voiced_ratio
data/self/2-2-3/speaker02_hong2_03.wav,1.641875,0.250000,13,4.000000,0.049065,0,low_voiced_ratio
data/self/2-2-3/speaker02_bai2_03.wav,1.641875,0.000000,0,0.000000,0.070641,0,low_voiced_ratio
data/self/2-2-3/speaker02_lai2_03.wav,1.641875,0.000000,0,0.000000,0.060214,0,low_voiced_ratio
data/self/2-2-3/speaker02_hui2_03.wav,1.641875,0.211538,11,4.000000,0.084113,0,low_voiced_ratio
data/self/2-2-3/speaker02_xue2_03.wav,1.641875,0.730769,38,4.000000,0.071901,1,ok
data/self/2-2-3/speaker02_ming2_03.wav,1.641875,0.250000,13,4.000000,0.049042,0,low_voiced_ratio
data/self/2-2-3/speaker02_lin2_03.wav,1.641875,0.423077,22,4.000000,0.075879,1,ok
data/self/2-2-3/speaker02_long2_03.wav,1.641875,0.230769,12,4.000000,0.071855,0,low_voiced_ratio
data/self/2-2-3/speaker02_shi2_03.wav,1.641875,0.423077,22,4.000000,0.072014,1,ok
data/self/2-2-3/speaker02_bi2_03.wav,1.641875,0.673077,35,4.000000,0.045676,1,ok
data/self/2-2-3/speaker02_pi2_03.wav,1.641875,0.250000,13,4.000000,0.044888,0,low_voiced_ratio
data/self/2-2-3/speaker02_tou2_03.wav,1.641875,0.461538,24,4.000000,0.082379,1,ok
data/self/2-2-3/speaker02_you2_03.wav,1.641875,0.288462,15,4.000000,0.070783,0,low_voiced_ratio
data/self/2-2-3/speaker02_zhu2_03.wav,1.641875,0.250000,13,4.000000,0.070773,0,low_voiced_ratio
data/self/2-2-3/speaker02_lan2_03.wav,1.641875,0.576923,30,4.000000,0.067754,1,ok
data/self/2-2-3/speaker02_qian2_03.wav,1.641875,0.846154,44,4.000000,0.072542,1,ok
data/self/2-3-1/speaker02_ma3_01.wav,1.633000,0.480769,25,4.000000,0.051621,1,ok
data/self/2-3-1/speaker02_mi3_01.wav,1.633000,0.615385,32,4.000000,0.056002,1,ok
data/self/2-3-1/speaker02_shou3_01.wav,1.633000,0.326923,17,4.000000,0.053907,0,low_voiced_ratio
data/self/2-3-1/speaker02_kou3_01.wav,1.633000,0.346154,18,4.000000,0.044067,0,low_voiced_ratio
data/self/2-3-1/speaker02_shui3_01.wav,1.633000,0.692308,36,4.000000,0.055079,1,ok
data/self/2-3-1/speaker02_huo3_01.wav,1.633000,0.173077,9,4.000000,0.031145,0,low_voiced_ratio
data/self/2-3-1/speaker02_gou3_01.wav,1.633000,0.346154,18,4.000000,0.067969,0,low_voiced_ratio
data/self/2-3-1/speaker02_niao3_01.wav,1.633000,0.134615,7,4.000000,0.082524,0,low_voiced_ratio
data/self/2-3-1/speaker02_yu3_01.wav,1.633000,0.442308,23,4.000000,0.060356,1,ok
data/self/2-3-1/speaker02_cao3_01.wav,1.633000,0.230769,12,4.000000,0.055975,0,low_voiced_ratio
data/self/2-3-1/speaker02_zhi3_01.wav,1.633000,0.230769,12,4.000000,0.053674,0,low_voiced_ratio
data/self/2-3-1/speaker02_bi3_01.wav,1.633000,0.846154,44,4.000000,0.041277,1,ok
data/self/2-3-1/speaker02_jiao3_01.wav,1.633000,0.750000,39,4.000000,0.066666,1,ok
data/self/2-3-1/speaker02_lian3_01.wav,1.633000,0.403846,21,4.000000,0.050360,1,ok
data/self/2-3-1/speaker02_yan3_01.wav,1.633000,0.557692,29,4.000000,0.060612,1,ok
data/self/2-3-1/speaker02_er3_01.wav,1.633000,0.500000,26,4.000000,0.045400,1,ok
data/self/2-3-1/speaker02_san3_01.wav,1.633000,0.096154,5,4.000000,0.032391,0,low_voiced_ratio
data/self/2-3-1/speaker02_hai3_01.wav,1.633000,0.192308,10,4.000000,0.039903,0,low_voiced_ratio
data/self/2-3-1/speaker02_hao3_01.wav,1.633000,0.480769,25,4.000000,0.040930,1,ok
data/self/2-3-1/speaker02_xiao3_01.wav,1.633000,0.211538,11,4.000000,0.061604,0,low_voiced_ratio
data/self/2-3-1/speaker02_lao3_01.wav,1.633000,0.423077,22,4.000000,0.042501,1,ok
data/self/2-3-1/speaker02_leng3_01.wav,1.633000,0.442308,23,4.000000,0.077098,1,ok
data/self/2-3-1/speaker02_duan3_01.wav,1.633000,0.326923,17,4.000000,0.060969,0,low_voiced_ratio
data/self/2-3-1/speaker02_zao3_01.wav,1.633000,0.750000,39,4.000000,0.068275,1,ok
data/self/2-3-1/speaker02_wan3_01.wav,1.633000,0.326923,17,4.000000,0.050816,0,low_voiced_ratio
data/self/2-3-1/speaker02_bei3_01.wav,1.633000,0.211538,11,4.000000,0.062191,0,low_voiced_ratio
data/self/2-3-1/speaker02_ben3_01.wav,1.633000,0.134615,7,4.000000,0.071216,0,low_voiced_ratio
data/self/2-3-1/speaker02_ni3_01.wav,1.633000,0.442308,23,4.000000,0.049774,1,ok
data/self/2-3-1/speaker02_wo3_01.wav,1.633000,0.288462,15,4.000000,0.058833,0,low_voiced_ratio
data/self/2-3-1/speaker02_zou3_01.wav,1.633000,0.692308,36,4.000000,0.042467,1,ok
data/self/2-3-2/speaker02_ma3_02.wav,1.839125,0.293103,17,4.000000,0.051644,0,duration_too_long
data/self/2-3-2/speaker02_mi3_02.wav,1.839125,0.258621,15,4.000000,0.055465,0,duration_too_long
data/self/2-3-2/speaker02_shou3_02.wav,1.839125,0.275862,16,4.000000,0.054767,0,duration_too_long
data/self/2-3-2/speaker02_kou3_02.wav,1.839125,0.500000,29,4.000000,0.043524,0,duration_too_long
data/self/2-3-2/speaker02_shui3_02.wav,1.839125,0.551724,32,4.000000,0.054642,0,duration_too_long
data/self/2-3-2/speaker02_huo3_02.wav,1.839125,0.000000,0,0.000000,0.031508,0,duration_too_long
data/self/2-3-2/speaker02_gou3_02.wav,1.839125,0.379310,22,4.000000,0.071106,0,duration_too_long
data/self/2-3-2/speaker02_niao3_02.wav,1.839125,0.344828,20,4.000000,0.082158,0,duration_too_long
data/self/2-3-2/speaker02_yu3_02.wav,1.839125,0.396552,23,4.000000,0.061388,0,duration_too_long
data/self/2-3-2/speaker02_cao3_02.wav,1.839125,0.206897,12,4.000000,0.055902,0,duration_too_long
data/self/2-3-2/speaker02_zhi3_02.wav,1.839125,0.500000,29,4.000000,0.052658,0,duration_too_long
data/self/2-3-2/speaker02_bi3_02.wav,1.839125,0.293103,17,4.000000,0.044231,0,duration_too_long
data/self/2-3-2/speaker02_jiao3_02.wav,1.839125,0.241379,14,4.000000,0.067071,0,duration_too_long
data/self/2-3-2/speaker02_lian3_02.wav,1.839125,0.465517,27,4.000000,0.050872,0,duration_too_long
data/self/2-3-2/speaker02_yan3_02.wav,1.839125,0.362069,21,4.000000,0.060263,0,duration_too_long
data/self/2-3-2/speaker02_er3_02.wav,1.839125,0.517241,30,4.000000,0.047550,0,duration_too_long
data/self/2-3-2/speaker02_san3_02.wav,1.839125,0.120690,7,4.000000,0.038825,0,duration_too_long
data/self/2-3-2/speaker02_hai3_02.wav,1.839125,0.155172,9,4.000000,0.035269,0,duration_too_long
data/self/2-3-2/speaker02_hao3_02.wav,1.839125,0.103448,6,4.000000,0.041448,0,duration_too_long
data/self/2-3-2/speaker02_xiao3_02.wav,1.839125,0.655172,38,4.000000,0.059381,0,duration_too_long
data/self/2-3-2/speaker02_lao3_02.wav,1.839125,0.396552,23,4.000000,0.040831,0,duration_too_long
data/self/2-3-2/speaker02_leng3_02.wav,1.839125,0.551724,32,4.000000,0.076755,0,duration_too_long
data/self/2-3-2/speaker02_duan3_02.wav,1.839125,0.224138,13,4.000000,0.062868,0,duration_too_long
data/self/2-3-2/speaker02_zao3_02.wav,1.839125,0.310345,18,4.000000,0.070447,0,duration_too_long
data/self/2-3-2/speaker02_wan3_02.wav,1.839125,0.396552,23,4.000000,0.054227,0,duration_too_long
data/self/2-3-2/speaker02_bei3_02.wav,1.839125,0.551724,32,4.000000,0.064813,0,duration_too_long
data/self/2-3-2/speaker02_ben3_02.wav,1.839125,0.534483,31,4.000000,0.067558,0,duration_too_long
data/self/2-3-2/speaker02_ni3_02.wav,1.839125,0.517241,30,4.000000,0.047038,0,duration_too_long
data/self/2-3-2/speaker02_wo3_02.wav,1.839125,0.879310,51,4.000000,0.058411,0,duration_too_long
data/self/2-3-2/speaker02_zou3_02.wav,1.839063,0.396552,23,4.000000,0.043261,0,duration_too_long
data/self/2-3-3/speaker02_ma3_03.wav,2.441688,0.181818,14,4.000000,0.040483,0,duration_too_long
data/self/2-3-3/speaker02_mi3_03.wav,2.441688,0.181818,14,4.000000,0.043064,0,duration_too_long
data/self/2-3-3/speaker02_shou3_03.wav,2.441688,0.142857,11,4.000000,0.042518,0,duration_too_long
data/self/2-3-3/speaker02_kou3_03.wav,2.441688,0.090909,7,0.000000,0.033826,0,duration_too_long
data/self/2-3-3/speaker02_shui3_03.wav,2.441688,0.116883,9,4.000000,0.041730,0,duration_too_long
data/self/2-3-3/speaker02_huo3_03.wav,2.441688,0.000000,0,0.000000,0.025454,0,duration_too_long
data/self/2-3-3/speaker02_gou3_03.wav,2.441688,0.168831,13,4.000000,0.054611,0,duration_too_long
data/self/2-3-3/speaker02_niao3_03.wav,2.441688,0.194805,15,4.000000,0.063547,0,duration_too_long
data/self/2-3-3/speaker02_yu3_03.wav,2.441688,0.220779,17,4.000000,0.047173,0,duration_too_long
data/self/2-3-3/speaker02_cao3_03.wav,2.441688,0.129870,10,4.000000,0.043042,0,duration_too_long
data/self/2-3-3/speaker02_zhi3_03.wav,2.441688,0.168831,13,4.000000,0.041163,0,duration_too_long
data/self/2-3-3/speaker02_bi3_03.wav,2.441688,0.129870,10,0.000000,0.032287,0,duration_too_long
data/self/2-3-3/speaker02_jiao3_03.wav,2.441688,0.155844,12,4.000000,0.052703,0,duration_too_long
data/self/2-3-3/speaker02_lian3_03.wav,2.441688,0.000000,0,0.000000,0.040581,0,duration_too_long
data/self/2-3-3/speaker02_yan3_03.wav,2.441688,0.155844,12,4.000000,0.046455,0,duration_too_long
data/self/2-3-3/speaker02_er3_03.wav,2.441688,0.129870,10,4.000000,0.037918,0,duration_too_long
data/self/2-3-3/speaker02_san3_03.wav,2.441688,0.155844,12,4.000000,0.037953,0,duration_too_long
data/self/2-3-3/speaker02_hai3_03.wav,2.441688,0.000000,0,0.000000,0.033265,0,duration_too_long
data/self/2-3-3/speaker02_hao3_03.wav,2.441688,0.129870,10,4.000000,0.047051,0,duration_too_long
data/self/2-3-3/speaker02_xiao3_03.wav,2.441688,0.103896,8,4.000000,0.032638,0,duration_too_long
data/self/2-3-3/speaker02_lao3_03.wav,2.441688,0.129870,10,4.000000,0.060053,0,duration_too_long
data/self/2-3-3/speaker02_leng3_03.wav,2.441688,0.168831,13,4.000000,0.048926,0,duration_too_long
data/self/2-3-3/speaker02_duan3_03.wav,2.441688,0.103896,8,4.000000,0.054403,0,duration_too_long
data/self/2-3-3/speaker02_zao3_03.wav,2.441688,0.142857,11,4.000000,0.032293,0,duration_too_long
data/self/2-3-3/speaker02_wan3_03.wav,2.441688,0.155844,12,4.000000,0.045567,0,duration_too_long
data/self/2-3-3/speaker02_bei3_03.wav,2.441688,0.103896,8,4.000000,0.049908,0,duration_too_long
data/self/2-3-3/speaker02_ben3_03.wav,2.441688,0.116883,9,4.000000,0.039471,0,duration_too_long
data/self/2-3-3/speaker02_ni3_03.wav,2.441688,0.116883,9,4.000000,0.042423,0,duration_too_long
data/self/2-3-3/speaker02_wo3_03.wav,2.441688,0.168831,13,4.000000,0.039502,0,duration_too_long
data/self/2-3-3/speaker02_zou3_03.wav,2.441625,0.129870,10,4.000000,0.033408,0,duration_too_long
data/self/2-4-1/speaker02_ma4_01.wav,1.440125,0.000000,0,0.000000,0.090790,0,low_voiced_ratio
data/self/2-4-1/speaker02_da4_01.wav,1.440125,0.000000,0,0.000000,0.064460,0,low_voiced_ratio
data/self/2-4-1/speaker02_yue4_01.wav,1.440125,0.260870,12,4.000000,0.094287,0,low_voiced_ratio
data/self/2-4-1/speaker02_ri4_01.wav,1.440125,0.282609,13,4.000000,0.093707,0,low_voiced_ratio
data/self/2-4-1/speaker02_dian4_01.wav,1.440125,0.000000,0,0.000000,0.094278,0,low_voiced_ratio
data/self/2-4-1/speaker02_lu4_01.wav,1.440125,0.000000,0,0.000000,0.083117,0,low_voiced_ratio
data/self/2-4-1/speaker02_shu4_01.wav,1.440125,0.000000,0,0.000000,0.061773,0,low_voiced_ratio
data/self/2-4-1/speaker02_cai4_01.wav,1.440125,0.000000,0,0.000000,0.064206,0,low_voiced_ratio
data/self/2-4-1/speaker02_fan4_01.wav,1.440125,0.000000,0,0.000000,0.062497,0,low_voiced_ratio
data/self/2-4-1/speaker02_rou4_01.wav,1.440125,0.000000,0,0.000000,0.082630,0,low_voiced_ratio
data/self/2-4-1/speaker02_hua4_01.wav,1.440125,0.000000,0,0.000000,0.083109,0,low_voiced_ratio
data/self/2-4-1/speaker02_mao4_01.wav,1.440125,0.000000,0,0.000000,0.078337,0,low_voiced_ratio
data/self/2-4-1/speaker02_xiao4_01.wav,1.440125,0.000000,0,0.000000,0.077183,0,low_voiced_ratio
data/self/2-4-1/speaker02_tiao4_01.wav,1.440125,0.000000,0,0.000000,0.066369,0,low_voiced_ratio
data/self/2-4-1/speaker02_zuo4_01.wav,1.440125,0.000000,0,0.000000,0.067730,0,low_voiced_ratio
data/self/2-4-1/speaker02_you4_01.wav,1.440125,0.260870,12,4.000000,0.094442,0,low_voiced_ratio
data/self/2-4-1/speaker02_hou4_01.wav,1.440125,0.000000,0,0.000000,0.079315,0,low_voiced_ratio
data/self/2-4-1/speaker02_shang4_01.wav,1.440063,0.000000,0,0.000000,0.074311,0,low_voiced_ratio
data/self/2-4-1/speaker02_xia4_01.wav,1.440063,0.000000,0,0.000000,0.057416,0,low_voiced_ratio
data/self/2-4-1/speaker02_kuai4_01.wav,1.440063,0.000000,0,0.000000,0.066005,0,low_voiced_ratio
data/self/2-4-1/speaker02_man4_01.wav,1.440063,0.347826,16,4.000000,0.085433,0,low_voiced_ratio
data/self/2-4-1/speaker02_re4_01.wav,1.440063,0.086957,4,4.000000,0.085580,0,low_voiced_ratio
data/self/2-4-1/speaker02_lv4_01.wav,1.440063,0.217391,10,4.000000,0.071633,0,low_voiced_ratio
data/self/2-4-1/speaker02_liang4_01.wav,1.440063,0.260870,12,4.000000,0.083791,0,low_voiced_ratio
data/self/2-4-1/speaker02_bing4_01.wav,1.440063,0.173913,8,4.000000,0.079535,0,low_voiced_ratio
data/self/2-4-1/speaker02_ke4_01.wav,1.440063,0.152174,7,0.000000,0.058586,0,low_voiced_ratio
data/self/2-4-1/speaker02_pian4_01.wav,1.440063,0.260870,12,4.000000,0.075732,0,low_voiced_ratio
data/self/2-4-1/speaker02_xin4_01.wav,1.440063,0.086957,4,0.000000,0.083502,0,low_voiced_ratio
data/self/2-4-1/speaker02_song4_01.wav,1.440063,0.130435,6,4.000000,0.053622,0,low_voiced_ratio
data/self/2-4-1/speaker02_zhan4_01.wav,1.440063,0.239130,11,4.000000,0.087433,0,low_voiced_ratio
data/self/2-4-2/speaker02_ma4_02.wav,1.798125,0.210526,12,4.000000,0.090136,0,low_voiced_ratio
data/self/2-4-2/speaker02_da4_02.wav,1.798125,0.350877,20,4.000000,0.062539,1,ok
data/self/2-4-2/speaker02_yue4_02.wav,1.798125,0.245614,14,4.000000,0.095120,0,low_voiced_ratio
data/self/2-4-2/speaker02_ri4_02.wav,1.798125,0.561404,32,4.000000,0.093224,1,ok
data/self/2-4-2/speaker02_dian4_02.wav,1.798125,0.350877,20,4.000000,0.093016,1,ok
data/self/2-4-2/speaker02_lu4_02.wav,1.798125,0.210526,12,4.000000,0.081513,0,low_voiced_ratio
data/self/2-4-2/speaker02_shu4_02.wav,1.798125,0.473684,27,4.000000,0.063636,1,ok
data/self/2-4-2/speaker02_cai4_02.wav,1.798125,0.245614,14,4.000000,0.064427,0,low_voiced_ratio
data/self/2-4-2/speaker02_fan4_02.wav,1.798125,0.000000,0,0.000000,0.059362,0,low_voiced_ratio
data/self/2-4-2/speaker02_rou4_02.wav,1.798125,0.228070,13,4.000000,0.081773,0,low_voiced_ratio
data/self/2-4-2/speaker02_hua4_02.wav,1.798125,0.000000,0,0.000000,0.085439,0,low_voiced_ratio
data/self/2-4-2/speaker02_mao4_02.wav,1.798125,0.315789,18,4.000000,0.079174,0,low_voiced_ratio
data/self/2-4-2/speaker02_xiao4_02.wav,1.798125,0.228070,13,4.000000,0.073497,0,low_voiced_ratio
data/self/2-4-2/speaker02_tiao4_02.wav,1.798125,0.000000,0,0.000000,0.062362,0,low_voiced_ratio
data/self/2-4-2/speaker02_zuo4_02.wav,1.798125,0.175439,10,4.000000,0.063498,0,low_voiced_ratio
data/self/2-4-2/speaker02_you4_02.wav,1.798125,0.684211,39,4.000000,0.093757,1,ok
data/self/2-4-2/speaker02_hou4_02.wav,1.798125,0.175439,10,4.000000,0.080207,0,low_voiced_ratio
data/self/2-4-2/speaker02_shang4_02.wav,1.798125,0.000000,0,0.000000,0.071491,0,low_voiced_ratio
data/self/2-4-2/speaker02_xia4_02.wav,1.798125,0.315789,18,4.000000,0.055179,0,low_voiced_ratio
data/self/2-4-2/speaker02_kuai4_02.wav,1.798125,0.000000,0,0.000000,0.067398,0,low_voiced_ratio
data/self/2-4-2/speaker02_man4_02.wav,1.798125,0.543860,31,4.000000,0.085413,1,ok
data/self/2-4-2/speaker02_re4_02.wav,1.798125,0.000000,0,0.000000,0.085823,0,low_voiced_ratio
data/self/2-4-2/speaker02_lv4_02.wav,1.798125,0.614035,35,4.000000,0.068046,1,ok
data/self/2-4-2/speaker02_liang4_02.wav,1.798125,0.245614,14,4.000000,0.080836,0,low_voiced_ratio
data/self/2-4-2/speaker02_bing4_02.wav,1.798125,0.192982,11,4.000000,0.080904,0,low_voiced_ratio
data/self/2-4-2/speaker02_ke4_02.wav,1.798125,0.052632,3,0.000000,0.055034,0,low_voiced_ratio
data/self/2-4-2/speaker02_pian4_02.wav,1.798125,0.403509,23,4.000000,0.074428,1,ok
data/self/2-4-2/speaker02_xin4_02.wav,1.798125,0.491228,28,4.000000,0.084599,1,ok
data/self/2-4-2/speaker02_song4_02.wav,1.798125,0.666667,38,4.000000,0.051166,1,ok
data/self/2-4-2/speaker02_zhan4_02.wav,1.798062,0.473684,27,4.000000,0.080644,1,ok
data/self/2-4-3/speaker02_ma4_03.wav,2.681000,0.273810,23,4.000000,0.067853,0,duration_too_long
data/self/2-4-3/speaker02_da4_03.wav,2.681000,0.333333,28,4.000000,0.046144,0,duration_too_long
data/self/2-4-3/speaker02_yue4_03.wav,2.681000,0.416667,35,4.000000,0.071068,0,duration_too_long
data/self/2-4-3/speaker02_ri4_03.wav,2.681000,0.761905,64,4.000000,0.074742,0,duration_too_long
data/self/2-4-3/speaker02_dian4_03.wav,2.681000,0.333333,28,4.000000,0.074700,0,duration_too_long
data/self/2-4-3/speaker02_lu4_03.wav,2.681000,0.119048,10,4.000000,0.066350,0,duration_too_long
data/self/2-4-3/speaker02_shu4_03.wav,2.681000,0.083333,7,4.000000,0.044879,0,duration_too_long
data/self/2-4-3/speaker02_cai4_03.wav,2.681000,0.392857,33,4.000000,0.050647,0,duration_too_long
data/self/2-4-3/speaker02_fan4_03.wav,2.681000,0.238095,20,4.000000,0.048980,0,duration_too_long
data/self/2-4-3/speaker02_rou4_03.wav,2.681000,0.226190,19,4.000000,0.067392,0,duration_too_long
data/self/2-4-3/speaker02_hua4_03.wav,2.681000,0.321429,27,4.000000,0.066830,0,duration_too_long
data/self/2-4-3/speaker02_mao4_03.wav,2.681000,0.261905,22,4.000000,0.058733,0,duration_too_long
data/self/2-4-3/speaker02_xiao4_03.wav,2.681000,0.261905,22,4.000000,0.058256,0,duration_too_long
data/self/2-4-3/speaker02_tiao4_03.wav,2.681000,0.166667,14,4.000000,0.050140,0,duration_too_long
data/self/2-4-3/speaker02_zuo4_03.wav,2.681000,0.238095,20,4.000000,0.051725,0,duration_too_long
data/self/2-4-3/speaker02_you4_03.wav,2.681000,0.595238,50,4.000000,0.070762,0,duration_too_long
data/self/2-4-3/speaker02_hou4_03.wav,2.681000,0.000000,0,0.000000,0.062216,0,duration_too_long
data/self/2-4-3/speaker02_shang4_03.wav,2.681000,0.095238,8,4.000000,0.056716,0,duration_too_long
data/self/2-4-3/speaker02_xia4_03.wav,2.681000,0.107143,9,4.000000,0.046876,0,duration_too_long
data/self/2-4-3/speaker02_kuai4_03.wav,2.681000,0.000000,0,0.000000,0.049856,0,duration_too_long
data/self/2-4-3/speaker02_man4_03.wav,2.681000,0.250000,21,4.000000,0.063974,0,duration_too_long
data/self/2-4-3/speaker02_re4_03.wav,2.681000,0.000000,0,0.000000,0.066351,0,duration_too_long
data/self/2-4-3/speaker02_lv4_03.wav,2.681000,0.440476,37,4.000000,0.053673,0,duration_too_long
data/self/2-4-3/speaker02_liang4_03.wav,2.681000,0.511905,43,4.000000,0.065579,0,duration_too_long
data/self/2-4-3/speaker02_bing4_03.wav,2.681000,0.738095,62,4.000000,0.058950,0,duration_too_long
data/self/2-4-3/speaker02_ke4_03.wav,2.681000,0.297619,25,4.000000,0.045737,0,duration_too_long
data/self/2-4-3/speaker02_pian4_03.wav,2.681000,0.559524,47,4.000000,0.058674,0,duration_too_long
data/self/2-4-3/speaker02_xin4_03.wav,2.681000,0.309524,26,4.000000,0.062429,0,duration_too_long
data/self/2-4-3/speaker02_song4_03.wav,2.681000,0.238095,20,4.000000,0.044010,0,duration_too_long
data/self/2-4-3/speaker02_zhan4_03.wav,2.681000,0.666667,56,4.000000,0.062936,0,duration_too_long
data/self/3-1-1/speaker03_ma1_01.wav,1.799750,0.473684,27,4.000000,0.063811,1,ok
data/self/3-1-1/speaker03_ba1_01.wav,1.799750,0.491228,28,4.000000,0.067183,1,ok
data/self/3-1-1/speaker03_hua1_01.wav,1.799750,0.543860,31,4.000000,0.050952,1,ok
data/self/3-1-1/speaker03_shu1_01.wav,1.799750,0.456140,26,4.000000,0.059044,1,ok
data/self/3-1-1/speaker03_tian1_01.wav,1.799750,0.350877,20,4.000000,0.085802,1,ok
data/self/3-1-1/speaker03_jia1_01.wav,1.799750,0.333333,19,4.000000,0.056097,0,low_voiced_ratio
data/self/3-1-1/speaker03_shan1_01.wav,1.799750,0.298246,17,4.000000,0.051332,0,low_voiced_ratio
data/self/3-1-1/speaker03_che1_01.wav,1.799750,0.280702,16,4.000000,0.066970,0,low_voiced_ratio
data/self/3-1-1/speaker03_fei1_01.wav,1.799750,0.421053,24,4.000000,0.066112,1,ok
data/self/3-1-1/speaker03_mao1_01.wav,1.799750,0.333333,19,4.000000,0.081147,0,low_voiced_ratio
data/self/3-1-1/speaker03_ji1_01.wav,1.799750,0.596491,34,4.000000,0.053176,1,ok
data/self/3-1-1/speaker03_deng1_01.wav,1.799750,0.350877,20,4.000000,0.077772,1,ok
data/self/3-1-1/speaker03_feng1_01.wav,1.799750,0.298246,17,4.000000,0.078804,0,low_voiced_ratio
data/self/3-1-1/speaker03_xing1_01.wav,1.799750,0.666667,38,4.000000,0.069722,1,ok
data/self/3-1-1/speaker03_yi1_01.wav,1.799750,0.368421,21,4.000000,0.062894,1,ok
data/self/3-1-1/speaker03_jiang1_01.wav,1.799750,0.561404,32,4.000000,0.062793,1,ok
data/self/3-1-1/speaker03_xin1_01.wav,1.799750,0.298246,17,4.000000,0.077181,0,low_voiced_ratio
data/self/3-1-1/speaker03_qing1_01.wav,1.799750,0.473684,27,4.000000,0.052200,1,ok
data/self/3-1-1/speaker03_gao1_01.wav,1.799750,0.263158,15,4.000000,0.070243,0,low_voiced_ratio
data/self/3-1-1/speaker03_kai1_01.wav,1.799750,0.561404,32,4.000000,0.053468,1,ok
data/self/3-1-1/speaker03_chi1_01.wav,1.799750,0.561404,32,4.000000,0.072324,1,ok
data/self/3-1-1/speaker03_he1_01.wav,1.799750,0.684211,39,4.000000,0.057526,1,ok
data/self/3-1-1/speaker03_ge1_01.wav,1.799750,0.508772,29,4.000000,0.067319,1,ok
data/self/3-1-1/speaker03_ku1_01.wav,1.799750,0.298246,17,4.000000,0.077065,0,low_voiced_ratio
data/self/3-1-1/speaker03_di1_01.wav,1.799750,0.263158,15,4.000000,0.064900,0,low_voiced_ratio
data/self/3-1-1/speaker03_dong1_01.wav,1.799750,0.614035,35,4.000000,0.094284,1,ok
data/self/3-1-1/speaker03_xi1_01.wav,1.799750,0.385965,22,4.000000,0.051033,1,ok
data/self/3-1-1/speaker03_sheng1_01.wav,1.799750,0.210526,12,4.000000,0.066246,0,low_voiced_ratio
data/self/3-1-1/speaker03_guang1_01.wav,1.799750,0.385965,22,4.000000,0.086170,1,ok
data/self/3-1-1/speaker03_kong1_01.wav,1.799750,0.491228,28,4.000000,0.087598,1,ok
data/self/3-1-2/speaker03_ma1_02.wav,2.496500,0.202532,16,4.000000,0.050616,0,duration_too_long
data/self/3-1-2/speaker03_ba1_02.wav,2.496500,0.177215,14,4.000000,0.053478,0,duration_too_long
data/self/3-1-2/speaker03_hua1_02.wav,2.496500,0.164557,13,4.000000,0.039944,0,duration_too_long
data/self/3-1-2/speaker03_shu1_02.wav,2.496500,0.164557,13,4.000000,0.046730,0,duration_too_long
data/self/3-1-2/speaker03_tian1_02.wav,2.496500,0.215190,17,4.000000,0.067426,0,duration_too_long
data/self/3-1-2/speaker03_jia1_02.wav,2.496500,0.189873,15,4.000000,0.043715,0,duration_too_long
data/self/3-1-2/speaker03_shan1_02.wav,2.496500,0.177215,14,4.000000,0.040412,0,duration_too_long
data/self/3-1-2/speaker03_che1_02.wav,2.496500,0.215190,17,4.000000,0.052464,0,duration_too_long
data/self/3-1-2/speaker03_fei1_02.wav,2.496500,0.227848,18,4.000000,0.051348,0,duration_too_long
data/self/3-1-2/speaker03_mao1_02.wav,2.496500,0.215190,17,4.000000,0.063715,0,duration_too_long
data/self/3-1-2/speaker03_ji1_02.wav,2.496500,0.139241,11,4.000000,0.041910,0,duration_too_long
data/self/3-1-2/speaker03_deng1_02.wav,2.496500,0.227848,18,4.000000,0.061966,0,duration_too_long
data/self/3-1-2/speaker03_feng1_02.wav,2.496500,0.265823,21,4.000000,0.061848,0,duration_too_long
data/self/3-1-2/speaker03_xing1_02.wav,2.496500,0.164557,13,4.000000,0.057206,0,duration_too_long
data/self/3-1-2/speaker03_yi1_02.wav,2.496500,0.189873,15,4.000000,0.047231,0,duration_too_long
data/self/3-1-2/speaker03_jiang1_02.wav,2.496500,0.177215,14,4.000000,0.049321,0,duration_too_long
data/self/3-1-2/speaker03_xin1_02.wav,2.496500,0.202532,16,4.000000,0.060276,0,duration_too_long
data/self/3-1-2/speaker03_qing1_02.wav,2.496500,0.177215,14,4.000000,0.040586,0,duration_too_long
data/self/3-1-2/speaker03_gao1_02.wav,2.496500,0.164557,13,4.000000,0.055385,0,duration_too_long
data/self/3-1-2/speaker03_kai1_02.wav,2.496500,0.177215,14,4.000000,0.042102,0,duration_too_long
data/self/3-1-2/speaker03_chi1_02.wav,2.496500,0.164557,13,4.000000,0.056785,0,duration_too_long
data/self/3-1-2/speaker03_he1_02.wav,2.496500,0.151899,12,4.000000,0.045216,0,duration_too_long
data/self/3-1-2/speaker03_ge1_02.wav,2.496500,0.227848,18,4.000000,0.052773,0,duration_too_long
data/self/3-1-2/speaker03_ku1_02.wav,2.496500,0.189873,15,4.000000,0.060738,0,duration_too_long
data/self/3-1-2/speaker03_di1_02.wav,2.496500,0.164557,13,4.000000,0.051258,0,duration_too_long
data/self/3-1-2/speaker03_dong1_02.wav,2.496437,0.240506,19,4.000000,0.074639,0,duration_too_long
data/self/3-1-2/speaker03_xi1_02.wav,2.496437,0.139241,11,4.000000,0.040302,0,duration_too_long
data/self/3-1-2/speaker03_sheng1_02.wav,2.496437,0.164557,13,4.000000,0.052393,0,duration_too_long
data/self/3-1-2/speaker03_guang1_02.wav,2.496437,0.240506,19,4.000000,0.067747,0,duration_too_long
data/self/3-1-2/speaker03_kong1_02.wav,2.496437,0.177215,14,4.000000,0.068235,0,duration_too_long
data/self/3-1-3/speaker03_ma1_03.wav,2.773875,0.413793,36,4.000000,0.050100,0,duration_too_long
data/self/3-1-3/speaker03_ba1_03.wav,2.773875,0.333333,29,4.000000,0.052116,0,duration_too_long
data/self/3-1-3/speaker03_hua1_03.wav,2.773875,0.390805,34,4.000000,0.040382,0,duration_too_long
data/self/3-1-3/speaker03_shu1_03.wav,2.773875,0.528736,46,4.000000,0.046939,0,duration_too_long
data/self/3-1-3/speaker03_tian1_03.wav,2.773875,0.287356,25,4.000000,0.067399,0,duration_too_long
data/self/3-1-3/speaker03_jia1_03.wav,2.773875,0.425287,37,4.000000,0.043727,0,duration_too_long
data/self/3-1-3/speaker03_shan1_03.wav,2.773875,0.183908,16,4.000000,0.040561,0,duration_too_long
data/self/3-1-3/speaker03_che1_03.wav,2.773875,0.275862,24,4.000000,0.052566,0,duration_too_long
data/self/3-1-3/speaker03_fei1_03.wav,2.773875,0.701149,61,4.000000,0.050521,0,duration_too_long
data/self/3-1-3/speaker03_mao1_03.wav,2.773875,0.264368,23,4.000000,0.063279,0,duration_too_long
data/self/3-1-3/speaker03_ji1_03.wav,2.773875,0.413793,36,4.000000,0.042138,0,duration_too_long
data/self/3-1-3/speaker03_deng1_03.wav,2.773875,0.218391,19,4.000000,0.060829,0,duration_too_long
data/self/3-1-3/speaker03_feng1_03.wav,2.773875,0.287356,25,4.000000,0.060730,0,duration_too_long
data/self/3-1-3/speaker03_xing1_03.wav,2.773875,0.413793,36,4.000000,0.057187,0,duration_too_long
data/self/3-1-3/speaker03_yi1_03.wav,2.773875,0.471264,41,4.000000,0.046210,0,duration_too_long
data/self/3-1-3/speaker03_jiang1_03.wav,2.773875,0.218391,19,4.000000,0.049843,0,duration_too_long
data/self/3-1-3/speaker03_xin1_03.wav,2.773875,0.413793,36,4.000000,0.060392,0,duration_too_long
data/self/3-1-3/speaker03_qing1_03.wav,2.773875,0.517241,45,4.000000,0.040408,0,duration_too_long
data/self/3-1-3/speaker03_gao1_03.wav,2.773875,0.333333,29,4.000000,0.054884,0,duration_too_long
data/self/3-1-3/speaker03_kai1_03.wav,2.773875,0.310345,27,4.000000,0.042093,0,duration_too_long
data/self/3-1-3/speaker03_chi1_03.wav,2.773875,0.160920,14,4.000000,0.056959,0,duration_too_long
data/self/3-1-3/speaker03_he1_03.wav,2.773875,0.540230,47,4.000000,0.045449,0,duration_too_long
data/self/3-1-3/speaker03_ge1_03.wav,2.773875,0.310345,27,4.000000,0.052311,0,duration_too_long
data/self/3-1-3/speaker03_ku1_03.wav,2.773875,0.425287,37,4.000000,0.060766,0,duration_too_long
data/self/3-1-3/speaker03_di1_03.wav,2.773875,0.160920,14,4.000000,0.050122,0,duration_too_long
data/self/3-1-3/speaker03_dong1_03.wav,2.773875,0.528736,46,4.000000,0.073350,0,duration_too_long
data/self/3-1-3/speaker03_xi1_03.wav,2.773875,0.459770,40,4.000000,0.040018,0,duration_too_long
data/self/3-1-3/speaker03_sheng1_03.wav,2.773875,0.160920,14,4.000000,0.052134,0,duration_too_long
data/self/3-1-3/speaker03_guang1_03.wav,2.773875,0.528736,46,4.000000,0.067024,0,duration_too_long
data/self/3-1-3/speaker03_kong1_03.wav,2.773875,0.321839,28,4.000000,0.068898,0,duration_too_long
data/self/3-2-1/speaker03_ma2_01.wav,2.840125,0.415730,37,4.000000,0.039249,0,duration_too_long
data/self/3-2-1/speaker03_cha2_01.wav,2.840125,0.617978,55,4.000000,0.036685,0,duration_too_long
data/self/3-2-1/speaker03_yu2_01.wav,2.840125,0.426966,38,4.000000,0.068120,0,duration_too_long
data/self/3-2-1/speaker03_niu2_01.wav,2.840125,0.719101,64,4.000000,0.064876,0,duration_too_long
data/self/3-2-1/speaker03_ren2_01.wav,2.840125,0.595506,53,4.000000,0.047070,0,duration_too_long
data/self/3-2-1/speaker03_men2_01.wav,2.840125,0.269663,24,4.000000,0.060038,0,duration_too_long
data/self/3-2-1/speaker03_tian2_01.wav,2.840125,0.505618,45,4.000000,0.049582,0,duration_too_long
data/self/3-2-1/speaker03_he2_01.wav,2.840125,0.337079,30,4.000000,0.045930,0,duration_too_long
data/self/3-2-1/speaker03_yun2_01.wav,2.840125,0.325843,29,4.000000,0.070827,0,duration_too_long
data/self/3-2-1/speaker03_chuan2_01.wav,2.840125,0.224719,20,4.000000,0.046304,0,duration_too_long
data/self/3-2-1/speaker03_yang2_01.wav,2.840125,0.393258,35,4.000000,0.046134,0,duration_too_long
data/self/3-2-1/speaker03_chong2_01.wav,2.840125,0.370787,33,4.000000,0.054833,0,duration_too_long
data/self/3-2-1/speaker03_ya2_01.wav,2.840125,0.280899,25,4.000000,0.037241,0,duration_too_long
data/self/3-2-1/speaker03_qiu2_01.wav,2.840125,0.292135,26,4.000000,0.054442,0,duration_too_long
data/self/3-2-1/speaker03_hong2_01.wav,2.840125,0.292135,26,4.000000,0.051177,0,duration_too_long
data/self/3-2-1/speaker03_bai2_01.wav,2.840125,0.629213,56,4.000000,0.046474,0,duration_too_long
data/self/3-2-1/speaker03_lai2_01.wav,2.840125,0.617978,55,4.000000,0.041962,0,duration_too_long
data/self/3-2-1/speaker03_hui2_01.wav,2.840125,0.325843,29,4.000000,0.050345,0,duration_too_long
data/self/3-2-1/speaker03_xue2_01.wav,2.840125,0.348315,31,4.000000,0.049540,0,duration_too_long
data/self/3-2-1/speaker03_ming2_01.wav,2.840125,0.258427,23,4.000000,0.077817,0,duration_too_long
data/self/3-2-1/speaker03_lin2_01.wav,2.840125,0.348315,31,4.000000,0.061389,0,duration_too_long
data/self/3-2-1/speaker03_long2_01.wav,2.840125,0.382022,34,4.000000,0.067850,0,duration_too_long
data/self/3-2-1/speaker03_shi2_01.wav,2.840125,0.370787,33,4.000000,0.042423,0,duration_too_long
data/self/3-2-1/speaker03_bi2_01.wav,2.840125,0.415730,37,4.000000,0.050556,0,duration_too_long
data/self/3-2-1/speaker03_pi2_01.wav,2.840125,0.292135,26,4.000000,0.041911,0,duration_too_long
data/self/3-2-1/speaker03_tou2_01.wav,2.840125,0.325843,29,4.000000,0.043944,0,duration_too_long
data/self/3-2-1/speaker03_you2_01.wav,2.840125,0.494382,44,4.000000,0.052469,0,duration_too_long
data/self/3-2-1/speaker03_zhu2_01.wav,2.840125,0.348315,31,4.000000,0.052256,0,duration_too_long
data/self/3-2-1/speaker03_lan2_01.wav,2.840125,0.516854,46,4.000000,0.048992,0,duration_too_long
data/self/3-2-1/speaker03_qian2_01.wav,2.840125,0.505618,45,4.000000,0.042102,0,duration_too_long
data/self/3-2-2/speaker03_ma2_02.wav,3.007250,0.510638,48,4.000000,0.038916,0,duration_too_long
data/self/3-2-2/speaker03_cha2_02.wav,3.007250,0.223404,21,4.000000,0.036896,0,duration_too_long
data/self/3-2-2/speaker03_yu2_02.wav,3.007250,0.542553,51,4.000000,0.068094,0,duration_too_long
data/self/3-2-2/speaker03_niu2_02.wav,3.007250,0.404255,38,4.000000,0.065616,0,duration_too_long
data/self/3-2-2/speaker03_ren2_02.wav,3.007250,0.489362,46,4.000000,0.047113,0,duration_too_long
data/self/3-2-2/speaker03_men2_02.wav,3.007250,0.500000,47,4.000000,0.060084,0,duration_too_long
data/self/3-2-2/speaker03_tian2_02.wav,3.007250,0.563830,53,4.000000,0.049119,0,duration_too_long
data/self/3-2-2/speaker03_he2_02.wav,3.007250,0.446809,42,4.000000,0.045789,0,duration_too_long
data/self/3-2-2/speaker03_yun2_02.wav,3.007188,0.521277,49,4.000000,0.070967,0,duration_too_long
data/self/3-2-2/speaker03_chuan2_02.wav,3.007188,0.287234,27,4.000000,0.046042,0,duration_too_long
data/self/3-2-2/speaker03_yang2_02.wav,3.007188,0.425532,40,4.000000,0.046220,0,duration_too_long
data/self/3-2-2/speaker03_chong2_02.wav,3.007188,0.638298,60,4.000000,0.054814,0,duration_too_long
data/self/3-2-2/speaker03_ya2_02.wav,3.007188,0.414894,39,4.000000,0.037655,0,duration_too_long
data/self/3-2-2/speaker03_qiu2_02.wav,3.007188,0.489362,46,4.000000,0.055215,0,duration_too_long
data/self/3-2-2/speaker03_hong2_02.wav,3.007188,0.723404,68,4.000000,0.051990,0,duration_too_long
data/self/3-2-2/speaker03_bai2_02.wav,3.007188,0.436170,41,4.000000,0.046785,0,duration_too_long
data/self/3-2-2/speaker03_lai2_02.wav,3.007188,0.500000,47,4.000000,0.042106,0,duration_too_long
data/self/3-2-2/speaker03_hui2_02.wav,3.007188,0.180851,17,4.000000,0.049136,0,duration_too_long
data/self/3-2-2/speaker03_xue2_02.wav,3.007188,0.425532,40,4.000000,0.049414,0,duration_too_long
data/self/3-2-2/speaker03_ming2_02.wav,3.007188,0.393617,37,4.000000,0.078378,0,duration_too_long
data/self/3-2-2/speaker03_lin2_02.wav,3.007188,0.404255,38,4.000000,0.061858,0,duration_too_long
data/self/3-2-2/speaker03_long2_02.wav,3.007188,0.265957,25,4.000000,0.068100,0,duration_too_long
data/self/3-2-2/speaker03_shi2_02.wav,3.007188,0.148936,14,4.000000,0.041988,0,duration_too_long
data/self/3-2-2/speaker03_bi2_02.wav,3.007188,0.329787,31,4.000000,0.050409,0,duration_too_long
data/self/3-2-2/speaker03_pi2_02.wav,3.007188,0.425532,40,4.000000,0.041311,0,duration_too_long
data/self/3-2-2/speaker03_tou2_02.wav,3.007188,0.170213,16,4.000000,0.043859,0,duration_too_long
data/self/3-2-2/speaker03_you2_02.wav,3.007188,0.585106,55,4.000000,0.052532,0,duration_too_long
data/self/3-2-2/speaker03_zhu2_02.wav,3.007188,0.234043,22,4.000000,0.052428,0,duration_too_long
data/self/3-2-2/speaker03_lan2_02.wav,3.007188,0.425532,40,4.000000,0.048804,0,duration_too_long
data/self/3-2-2/speaker03_qian2_02.wav,3.007188,0.180851,17,4.000000,0.042310,0,duration_too_long
data/self/3-2-3/speaker03_ma2_03.wav,1.870000,0.355932,21,4.000000,0.048125,0,duration_too_long
data/self/3-2-3/speaker03_cha2_03.wav,1.870000,0.406780,24,4.000000,0.045806,0,duration_too_long
data/self/3-2-3/speaker03_yu2_03.wav,1.870000,0.423729,25,4.000000,0.086344,0,duration_too_long
data/self/3-2-3/speaker03_niu2_03.wav,1.870000,0.355932,21,4.000000,0.082273,0,duration_too_long
data/self/3-2-3/speaker03_ren2_03.wav,1.870000,0.457627,27,4.000000,0.060135,0,duration_too_long
data/self/3-2-3/speaker03_men2_03.wav,1.869938,0.440678,26,4.000000,0.076362,0,duration_too_long
data/self/3-2-3/speaker03_tian2_03.wav,1.869938,0.542373,32,4.000000,0.063838,0,duration_too_long
data/self/3-2-3/speaker03_he2_03.wav,1.869938,0.288136,17,4.000000,0.058252,0,duration_too_long
data/self/3-2-3/speaker03_yun2_03.wav,1.869938,0.525424,31,4.000000,0.089606,0,duration_too_long
data/self/3-2-3/speaker03_chuan2_03.wav,1.869938,0.288136,17,4.000000,0.058844,0,duration_too_long
data/self/3-2-3/speaker03_yang2_03.wav,1.869938,0.355932,21,4.000000,0.057962,0,duration_too_long
data/self/3-2-3/speaker03_chong2_03.wav,1.869938,0.355932,21,4.000000,0.069006,0,duration_too_long
data/self/3-2-3/speaker03_ya2_03.wav,1.869938,0.338983,20,4.000000,0.047681,0,duration_too_long
data/self/3-2-3/speaker03_qiu2_03.wav,1.869938,0.254237,15,4.000000,0.067724,0,duration_too_long
data/self/3-2-3/speaker03_hong2_03.wav,1.869938,0.508475,30,4.000000,0.064271,0,duration_too_long
data/self/3-2-3/speaker03_bai2_03.wav,1.869938,0.423729,25,4.000000,0.058930,0,duration_too_long
data/self/3-2-3/speaker03_lai2_03.wav,1.869938,0.355932,21,4.000000,0.054426,0,duration_too_long
data/self/3-2-3/speaker03_hui2_03.wav,1.869938,0.779661,46,4.000000,0.062234,0,duration_too_long
data/self/3-2-3/speaker03_xue2_03.wav,1.869938,0.610169,36,4.000000,0.062140,0,duration_too_long
data/self/3-2-3/speaker03_ming2_03.wav,1.869938,0.322034,19,4.000000,0.096236,0,duration_too_long
data/self/3-2-3/speaker03_lin2_03.wav,1.869938,0.423729,25,4.000000,0.076811,0,duration_too_long
data/self/3-2-3/speaker03_long2_03.wav,1.869938,0.406780,24,4.000000,0.077474,0,duration_too_long
data/self/3-2-3/speaker03_shi2_03.wav,1.869938,0.288136,17,4.000000,0.055332,0,duration_too_long
data/self/3-2-3/speaker03_bi2_03.wav,1.869938,0.423729,25,4.000000,0.074897,0,duration_too_long
data/self/3-2-3/speaker03_pi2_03.wav,1.869938,0.694915,41,4.000000,0.058937,0,duration_too_long
data/self/3-2-3/speaker03_tou2_03.wav,1.869938,0.305085,18,4.000000,0.055818,0,duration_too_long
data/self/3-2-3/speaker03_you2_03.wav,1.869938,0.322034,19,4.000000,0.066051,0,duration_too_long
data/self/3-2-3/speaker03_zhu2_03.wav,1.869938,0.355932,21,4.000000,0.066484,0,duration_too_long
data/self/3-2-3/speaker03_lan2_03.wav,1.869938,0.644068,38,4.000000,0.062078,0,duration_too_long
data/self/3-2-3/speaker03_qian2_03.wav,1.869938,0.305085,18,4.000000,0.053620,0,duration_too_long
data/self/3-3-1/speaker03_ma3_01.wav,2.562125,0.222222,18,4.000000,0.047697,0,duration_too_long
data/self/3-3-1/speaker03_mi3_01.wav,2.562125,0.209877,17,4.000000,0.077749,0,duration_too_long
data/self/3-3-1/speaker03_shou3_01.wav,2.562125,0.197531,16,4.000000,0.040241,0,duration_too_long
data/self/3-3-1/speaker03_kou3_01.wav,2.562125,0.172840,14,4.000000,0.041397,0,duration_too_long
data/self/3-3-1/speaker03_shui3_01.wav,2.562125,0.160494,13,4.000000,0.043460,0,duration_too_long
data/self/3-3-1/speaker03_huo3_01.wav,2.562125,0.197531,16,4.000000,0.049068,0,duration_too_long
data/self/3-3-1/speaker03_gou3_01.wav,2.562125,0.246914,20,4.000000,0.049689,0,duration_too_long
data/self/3-3-1/speaker03_niao3_01.wav,2.562125,0.259259,21,4.000000,0.050862,0,duration_too_long
data/self/3-3-1/speaker03_yu3_01.wav,2.562125,0.271605,22,4.000000,0.058294,0,duration_too_long
data/self/3-3-1/speaker03_cao3_01.wav,2.562125,0.185185,15,4.000000,0.041689,0,duration_too_long
data/self/3-3-1/speaker03_zhi3_01.wav,2.562125,0.222222,18,4.000000,0.041585,0,duration_too_long
data/self/3-3-1/speaker03_bi3_01.wav,2.562125,0.259259,21,4.000000,0.048678,0,duration_too_long
data/self/3-3-1/speaker03_jiao3_01.wav,2.562125,0.234568,19,4.000000,0.042339,0,duration_too_long
data/self/3-3-1/speaker03_lian3_01.wav,2.562125,0.259259,21,4.000000,0.055532,0,duration_too_long
data/self/3-3-1/speaker03_yan3_01.wav,2.562125,0.271605,22,4.000000,0.049132,0,duration_too_long
data/self/3-3-1/speaker03_er3_01.wav,2.562125,0.185185,15,4.000000,0.040787,0,duration_too_long
data/self/3-3-1/speaker03_san3_01.wav,2.562125,0.160494,13,4.000000,0.046273,0,duration_too_long
data/self/3-3-1/speaker03_hai3_01.wav,2.562125,0.209877,17,4.000000,0.039182,0,duration_too_long
data/self/3-3-1/speaker03_hao3_01.wav,2.562125,0.185185,15,4.000000,0.034208,0,duration_too_long
data/self/3-3-1/speaker03_xiao3_01.wav,2.562125,0.197531,16,4.000000,0.040433,0,duration_too_long
data/self/3-3-1/speaker03_lao3_01.wav,2.562125,0.246914,20,4.000000,0.049093,0,duration_too_long
data/self/3-3-1/speaker03_leng3_01.wav,2.562125,0.308642,25,4.000000,0.060395,0,duration_too_long
data/self/3-3-1/speaker03_duan3_01.wav,2.562125,0.234568,19,4.000000,0.048141,0,duration_too_long
data/self/3-3-1/speaker03_zao3_01.wav,2.562125,0.209877,17,4.000000,0.040930,0,duration_too_long
data/self/3-3-1/speaker03_wan3_01.wav,2.562125,0.271605,22,4.000000,0.048189,0,duration_too_long
data/self/3-3-1/speaker03_bei3_01.wav,2.562125,0.234568,19,4.000000,0.046624,0,duration_too_long
data/self/3-3-1/speaker03_ben3_01.wav,2.562125,0.296296,24,4.000000,0.044618,0,duration_too_long
data/self/3-3-1/speaker03_ni3_01.wav,2.562125,0.222222,18,4.000000,0.057205,0,duration_too_long
data/self/3-3-1/speaker03_wo3_01.wav,2.562125,0.209877,17,4.000000,0.053505,0,duration_too_long
data/self/3-3-1/speaker03_zou3_01.wav,2.562125,0.197531,16,4.000000,0.041601,0,duration_too_long
data/self/3-3-2/speaker03_ma3_02.wav,1.772750,0.321429,18,4.000000,0.058677,0,low_voiced_ratio
data/self/3-3-2/speaker03_mi3_02.wav,1.772750,0.428571,24,4.000000,0.097779,1,ok
data/self/3-3-2/speaker03_shou3_02.wav,1.772750,0.303571,17,4.000000,0.050623,0,low_voiced_ratio
data/self/3-3-2/speaker03_kou3_02.wav,1.772750,0.714286,40,4.000000,0.052538,1,ok
data/self/3-3-2/speaker03_shui3_02.wav,1.772750,0.375000,21,4.000000,0.054596,1,ok
data/self/3-3-2/speaker03_huo3_02.wav,1.772750,0.303571,17,4.000000,0.061463,0,low_voiced_ratio
data/self/3-3-2/speaker03_gou3_02.wav,1.772750,0.392857,22,4.000000,0.061938,1,ok
data/self/3-3-2/speaker03_niao3_02.wav,1.772750,0.410714,23,4.000000,0.063153,1,ok
data/self/3-3-2/speaker03_yu3_02.wav,1.772750,0.857143,48,4.000000,0.073076,1,ok
data/self/3-3-2/speaker03_cao3_02.wav,1.772750,0.482143,27,4.000000,0.052482,1,ok
data/self/3-3-2/speaker03_zhi3_02.wav,1.772750,0.535714,30,4.000000,0.052937,1,ok
data/self/3-3-2/speaker03_bi3_02.wav,1.772750,0.392857,22,4.000000,0.060388,1,ok
data/self/3-3-2/speaker03_jiao3_02.wav,1.772750,0.375000,21,4.000000,0.054143,1,ok
data/self/3-3-2/speaker03_lian3_02.wav,1.772750,0.392857,22,4.000000,0.068335,1,ok
data/self/3-3-2/speaker03_yan3_02.wav,1.772750,0.428571,24,4.000000,0.061819,1,ok
data/self/3-3-2/speaker03_er3_02.wav,1.772750,0.464286,26,4.000000,0.051160,1,ok
data/self/3-3-2/speaker03_san3_02.wav,1.772750,0.696429,39,4.000000,0.057687,1,ok
data/self/3-3-2/speaker03_hai3_02.wav,1.772750,0.500000,28,4.000000,0.049480,1,ok
data/self/3-3-2/speaker03_hao3_02.wav,1.772750,0.285714,16,4.000000,0.041483,0,low_voiced_ratio
data/self/3-3-2/speaker03_xiao3_02.wav,1.772750,0.339286,19,4.000000,0.049048,0,low_voiced_ratio
data/self/3-3-2/speaker03_lao3_02.wav,1.772750,0.392857,22,4.000000,0.060920,1,ok
data/self/3-3-2/speaker03_leng3_02.wav,1.772750,0.464286,26,4.000000,0.076325,1,ok
data/self/3-3-2/speaker03_duan3_02.wav,1.772750,0.803571,45,4.000000,0.057654,1,ok
data/self/3-3-2/speaker03_zao3_02.wav,1.772750,0.321429,18,4.000000,0.051864,0,low_voiced_ratio
data/self/3-3-2/speaker03_wan3_02.wav,1.772750,0.428571,24,4.000000,0.060269,1,ok
data/self/3-3-2/speaker03_bei3_02.wav,1.772750,0.732143,41,4.000000,0.057116,1,ok
data/self/3-3-2/speaker03_ben3_02.wav,1.772750,0.446429,25,4.000000,0.055862,1,ok
data/self/3-3-2/speaker03_ni3_02.wav,1.772750,0.339286,19,4.000000,0.071385,0,low_voiced_ratio
data/self/3-3-2/speaker03_wo3_02.wav,1.772750,0.339286,19,4.000000,0.066548,0,low_voiced_ratio
data/self/3-3-2/speaker03_zou3_02.wav,1.772750,0.571429,32,4.000000,0.052345,1,ok
data/self/3-3-3/speaker03_ma3_03.wav,1.994375,0.333333,21,4.000000,0.060036,0,duration_too_long
data/self/3-3-3/speaker03_mi3_03.wav,1.994375,0.476190,30,4.000000,0.098565,0,duration_too_long
data/self/3-3-3/speaker03_shou3_03.wav,1.994375,0.698413,44,4.000000,0.050961,0,duration_too_long
data/self/3-3-3/speaker03_kou3_03.wav,1.994375,0.269841,17,4.000000,0.052399,0,duration_too_long
data/self/3-3-3/speaker03_shui3_03.wav,1.994375,0.238095,15,4.000000,0.054409,0,duration_too_long
data/self/3-3-3/speaker03_huo3_03.wav,1.994375,0.571429,36,4.000000,0.061912,0,duration_too_long
data/self/3-3-3/speaker03_gou3_03.wav,1.994375,0.666667,42,4.000000,0.063695,0,duration_too_long
data/self/3-3-3/speaker03_niao3_03.wav,1.994375,0.412698,26,4.000000,0.064661,0,duration_too_long
data/self/3-3-3/speaker03_yu3_03.wav,1.994375,0.428571,27,4.000000,0.073303,0,duration_too_long
data/self/3-3-3/speaker03_cao3_03.wav,1.994312,0.714286,45,4.000000,0.052575,0,duration_too_long
data/self/3-3-3/speaker03_zhi3_03.wav,1.994312,0.444444,28,4.000000,0.053033,0,duration_too_long
data/self/3-3-3/speaker03_bi3_03.wav,1.994312,0.539683,34,4.000000,0.060552,0,duration_too_long
data/self/3-3-3/speaker03_jiao3_03.wav,1.994312,0.365079,23,4.000000,0.053613,0,duration_too_long
data/self/3-3-3/speaker03_lian3_03.wav,1.994312,0.587302,37,4.000000,0.070692,0,duration_too_long
data/self/3-3-3/speaker03_yan3_03.wav,1.994312,0.714286,45,4.000000,0.061771,0,duration_too_long
data/self/3-3-3/speaker03_er3_03.wav,1.994312,0.730159,46,4.000000,0.051411,0,duration_too_long
data/self/3-3-3/speaker03_san3_03.wav,1.994312,0.428571,27,4.000000,0.058048,0,duration_too_long
data/self/3-3-3/speaker03_hai3_03.wav,1.994312,0.349206,22,4.000000,0.049196,0,duration_too_long
data/self/3-3-3/speaker03_hao3_03.wav,1.994312,0.492063,31,4.000000,0.042788,0,duration_too_long
data/self/3-3-3/speaker03_xiao3_03.wav,1.994312,0.301587,19,4.000000,0.049947,0,duration_too_long
data/self/3-3-3/speaker03_lao3_03.wav,1.994312,0.380952,24,4.000000,0.062210,0,duration_too_long
data/self/3-3-3/speaker03_leng3_03.wav,1.994312,0.460317,29,4.000000,0.076879,0,duration_too_long
data/self/3-3-3/speaker03_duan3_03.wav,1.994312,0.666667,42,4.000000,0.060148,0,duration_too_long
data/self/3-3-3/speaker03_zao3_03.wav,1.994312,0.492063,31,4.000000,0.051345,0,duration_too_long
data/self/3-3-3/speaker03_wan3_03.wav,1.994312,0.714286,45,4.000000,0.061074,0,duration_too_long
data/self/3-3-3/speaker03_bei3_03.wav,1.994312,0.333333,21,4.000000,0.058256,0,duration_too_long
data/self/3-3-3/speaker03_ben3_03.wav,1.994312,0.603175,38,4.000000,0.056709,0,duration_too_long
data/self/3-3-3/speaker03_ni3_03.wav,1.994312,0.444444,28,4.000000,0.072715,0,duration_too_long
data/self/3-3-3/speaker03_wo3_03.wav,1.994312,0.317460,20,4.000000,0.067298,0,duration_too_long
data/self/3-3-3/speaker03_zou3_03.wav,1.994312,0.619048,39,4.000000,0.052571,0,duration_too_long
data/self/3-4-1/speaker03_ma4_01.wav,2.768500,0.448276,39,4.000000,0.058353,0,duration_too_long
data/self/3-4-1/speaker03_da4_01.wav,2.768500,0.000000,0,0.000000,0.045483,0,duration_too_long
data/self/3-4-1/speaker03_yue4_01.wav,2.768500,0.344828,30,4.000000,0.055682,0,duration_too_long
data/self/3-4-1/speaker03_ri4_01.wav,2.768500,0.287356,25,4.000000,0.061842,0,duration_too_long
data/self/3-4-1/speaker03_dian4_01.wav,2.768500,0.298851,26,4.000000,0.054904,0,duration_too_long
data/self/3-4-1/speaker03_lu4_01.wav,2.768500,0.344828,30,4.000000,0.077204,0,duration_too_long
data/self/3-4-1/speaker03_shu4_01.wav,2.768500,0.321839,28,4.000000,0.054046,0,duration_too_long
data/self/3-4-1/speaker03_cai4_01.wav,2.768500,0.206897,18,4.000000,0.055820,0,duration_too_long
data/self/3-4-1/speaker03_fan4_01.wav,2.768500,0.333333,29,4.000000,0.061623,0,duration_too_long
data/self/3-4-1/speaker03_rou4_01.wav,2.768500,0.333333,29,4.000000,0.060460,0,duration_too_long
data/self/3-4-1/speaker03_hua4_01.wav,2.768500,0.114943,10,4.000000,0.050017,0,duration_too_long
data/self/3-4-1/speaker03_mao4_01.wav,2.768500,0.218391,19,4.000000,0.062780,0,duration_too_long
data/self/3-4-1/speaker03_xiao4_01.wav,2.768500,0.000000,0,0.000000,0.058627,0,duration_too_long
data/self/3-4-1/speaker03_tiao4_01.wav,2.768500,0.229885,20,4.000000,0.055650,0,duration_too_long
data/self/3-4-1/speaker03_zuo4_01.wav,2.768500,0.172414,15,4.000000,0.057973,0,duration_too_long
data/self/3-4-1/speaker03_you4_01.wav,2.768500,0.310345,27,4.000000,0.062393,0,duration_too_long
data/self/3-4-1/speaker03_hou4_01.wav,2.768500,0.149425,13,4.000000,0.046203,0,duration_too_long
data/self/3-4-1/speaker03_shang4_01.wav,2.768500,0.137931,12,4.000000,0.044703,0,duration_too_long
data/self/3-4-1/speaker03_xia4_01.wav,2.768500,0.114943,10,4.000000,0.047284,0,duration_too_long
data/self/3-4-1/speaker03_kuai4_01.wav,2.768500,0.264368,23,4.000000,0.056896,0,duration_too_long
data/self/3-4-1/speaker03_man4_01.wav,2.768500,0.287356,25,4.000000,0.067566,0,duration_too_long
data/self/3-4-1/speaker03_re4_01.wav,2.768500,0.287356,25,4.000000,0.054791,0,duration_too_long
data/self/3-4-1/speaker03_lv4_01.wav,2.768500,0.436782,38,4.000000,0.073447,0,duration_too_long
data/self/3-4-1/speaker03_liang4_01.wav,2.768500,0.586207,51,4.000000,0.052561,0,duration_too_long
data/self/3-4-1/speaker03_bing4_01.wav,2.768500,0.563218,49,4.000000,0.060437,0,duration_too_long
data/self/3-4-1/speaker03_ke4_01.wav,2.768500,0.172414,15,4.000000,0.055177,0,duration_too_long
data/self/3-4-1/speaker03_pian4_01.wav,2.768500,0.149425,13,4.000000,0.052522,0,duration_too_long
data/self/3-4-1/speaker03_xin4_01.wav,2.768500,0.517241,45,4.000000,0.059939,0,duration_too_long
data/self/3-4-1/speaker03_song4_01.wav,2.768438,0.114943,10,4.000000,0.053815,0,duration_too_long
data/self/3-4-1/speaker03_zhan4_01.wav,2.768438,0.195402,17,4.000000,0.053248,0,duration_too_long
data/self/3-4-2/speaker03_ma4_02.wav,2.491625,0.205128,16,4.000000,0.059397,0,duration_too_long
data/self/3-4-2/speaker03_da4_02.wav,2.491625,0.000000,0,0.000000,0.048973,0,duration_too_long
data/self/3-4-2/speaker03_yue4_02.wav,2.491625,0.192308,15,4.000000,0.056365,0,duration_too_long
data/self/3-4-2/speaker03_ri4_02.wav,2.491625,0.179487,14,4.000000,0.062537,0,duration_too_long
data/self/3-4-2/speaker03_dian4_02.wav,2.491625,0.166667,13,4.000000,0.057286,0,duration_too_long
data/self/3-4-2/speaker03_lu4_02.wav,2.491625,0.243590,19,4.000000,0.079199,0,duration_too_long
data/self/3-4-2/speaker03_shu4_02.wav,2.491625,0.166667,13,4.000000,0.054679,0,duration_too_long
data/self/3-4-2/speaker03_cai4_02.wav,2.491625,0.179487,14,4.000000,0.055709,0,duration_too_long
data/self/3-4-2/speaker03_fan4_02.wav,2.491625,0.230769,18,4.000000,0.062424,0,duration_too_long
data/self/3-4-2/speaker03_rou4_02.wav,2.491625,0.256410,20,4.000000,0.061855,0,duration_too_long
data/self/3-4-2/speaker03_hua4_02.wav,2.491625,0.000000,0,0.000000,0.050812,0,duration_too_long
data/self/3-4-2/speaker03_mao4_02.wav,2.491625,0.230769,18,4.000000,0.064024,0,duration_too_long
data/self/3-4-2/speaker03_xiao4_02.wav,2.491625,0.000000,0,0.000000,0.060468,0,duration_too_long
data/self/3-4-2/speaker03_tiao4_02.wav,2.491625,0.000000,0,0.000000,0.055028,0,duration_too_long
data/self/3-4-2/speaker03_zuo4_02.wav,2.491625,0.179487,14,4.000000,0.057689,0,duration_too_long
data/self/3-4-2/speaker03_you4_02.wav,2.491625,0.192308,15,4.000000,0.063469,0,duration_too_long
data/self/3-4-2/speaker03_hou4_02.wav,2.491625,0.000000,0,0.000000,0.046932,0,duration_too_long
data/self/3-4-2/speaker03_shang4_02.wav,2.491625,0.000000,0,0.000000,0.045861,0,duration_too_long
data/self/3-4-2/speaker03_xia4_02.wav,2.491625,0.000000,0,0.000000,0.047734,0,duration_too_long
data/self/3-4-2/speaker03_kuai4_02.wav,2.491625,0.192308,15,4.000000,0.057188,0,duration_too_long
data/self/3-4-2/speaker03_man4_02.wav,2.491625,0.230769,18,4.000000,0.068124,0,duration_too_long
data/self/3-4-2/speaker03_re4_02.wav,2.491625,0.230769,18,4.000000,0.055143,0,duration_too_long
data/self/3-4-2/speaker03_lv4_02.wav,2.491625,0.217949,17,4.000000,0.074178,0,duration_too_long
data/self/3-4-2/speaker03_liang4_02.wav,2.491625,0.205128,16,4.000000,0.053840,0,duration_too_long
data/self/3-4-2/speaker03_bing4_02.wav,2.491625,0.192308,15,4.000000,0.061195,0,duration_too_long
data/self/3-4-2/speaker03_ke4_02.wav,2.491625,0.179487,14,4.000000,0.055951,0,duration_too_long
data/self/3-4-2/speaker03_pian4_02.wav,2.491625,0.141026,11,4.000000,0.052869,0,duration_too_long
data/self/3-4-2/speaker03_xin4_02.wav,2.491625,0.128205,10,4.000000,0.060310,0,duration_too_long
data/self/3-4-2/speaker03_song4_02.wav,2.491625,0.128205,10,4.000000,0.054139,0,duration_too_long
data/self/3-4-2/speaker03_zhan4_02.wav,2.491625,0.166667,13,4.000000,0.053574,0,duration_too_long
data/self/3-4-3/speaker03_ma4_03.wav,1.906250,0.433333,26,4.000000,0.075645,0,duration_too_long
data/self/3-4-3/speaker03_da4_03.wav,1.906250,0.000000,0,0.000000,0.060025,0,duration_too_long
data/self/3-4-3/speaker03_yue4_03.wav,1.906250,0.533333,32,4.000000,0.071693,0,duration_too_long
data/self/3-4-3/speaker03_ri4_03.wav,1.906250,0.450000,27,4.000000,0.079669,0,duration_too_long
data/self/3-4-3/speaker03_dian4_03.wav,1.906250,0.400000,24,4.000000,0.071974,0,duration_too_long
data/self/3-4-3/speaker03_lu4_03.wav,1.906250,0.366667,22,4.000000,0.100192,0,duration_too_long
data/self/3-4-3/speaker03_shu4_03.wav,1.906250,0.516667,31,4.000000,0.070366,0,duration_too_long
data/self/3-4-3/speaker03_cai4_03.wav,1.906250,0.533333,32,4.000000,0.070982,0,duration_too_long
data/self/3-4-3/speaker03_fan4_03.wav,1.906250,0.450000,27,4.000000,0.078931,0,duration_too_long
data/self/3-4-3/speaker03_rou4_03.wav,1.906187,0.500000,30,4.000000,0.079211,0,duration_too_long
data/self/3-4-3/speaker03_hua4_03.wav,1.906187,0.000000,0,0.000000,0.065244,0,duration_too_long
data/self/3-4-3/speaker03_mao4_03.wav,1.906187,0.366667,22,4.000000,0.081185,0,duration_too_long
data/self/3-4-3/speaker03_xiao4_03.wav,1.906187,0.000000,0,0.000000,0.077113,0,duration_too_long
data/self/3-4-3/speaker03_tiao4_03.wav,1.906187,0.266667,16,4.000000,0.070634,0,duration_too_long
data/self/3-4-3/speaker03_zuo4_03.wav,1.906187,0.616667,37,4.000000,0.073004,0,duration_too_long
data/self/3-4-3/speaker03_you4_03.wav,1.906187,0.500000,30,4.000000,0.081035,0,duration_too_long
data/self/3-4-3/speaker03_hou4_03.wav,1.906187,0.233333,14,4.000000,0.059948,0,duration_too_long
data/self/3-4-3/speaker03_shang4_03.wav,1.906187,0.000000,0,0.000000,0.059134,0,duration_too_long
data/self/3-4-3/speaker03_xia4_03.wav,1.906187,0.000000,0,0.000000,0.059414,0,duration_too_long
data/self/3-4-3/speaker03_kuai4_03.wav,1.906187,0.300000,18,4.000000,0.072923,0,duration_too_long
data/self/3-4-3/speaker03_man4_03.wav,1.906187,0.650000,39,4.000000,0.086854,0,duration_too_long
data/self/3-4-3/speaker03_re4_03.wav,1.906187,0.416667,25,4.000000,0.066658,0,duration_too_long
data/self/3-4-3/speaker03_lv4_03.wav,1.906187,0.433333,26,4.000000,0.090499,0,duration_too_long
data/self/3-4-3/speaker03_liang4_03.wav,1.906187,0.316667,19,4.000000,0.075420,0,duration_too_long
data/self/3-4-3/speaker03_bing4_03.wav,1.906187,0.600000,36,4.000000,0.079662,0,duration_too_long
data/self/3-4-3/speaker03_ke4_03.wav,1.906187,0.216667,13,4.000000,0.070041,0,duration_too_long
data/self/3-4-3/speaker03_pian4_03.wav,1.906187,0.583333,35,4.000000,0.066767,0,duration_too_long
data/self/3-4-3/speaker03_xin4_03.wav,1.906187,0.183333,11,4.000000,0.078687,0,duration_too_long
data/self/3-4-3/speaker03_song4_03.wav,1.906187,0.200000,12,4.000000,0.068459,0,duration_too_long
data/self/3-4-3/speaker03_zhan4_03.wav,1.906187,0.300000,18,4.000000,0.068316,0,duration_too_long
